hYqXVNljaK2KgJaw4yRD,2,1,13
hYqXVNljaK2KgJaw4yRD,2,2,13
hYqXVNljaK2KgJaw4yRD,2,3,13
hYqXVNljaK2KgJaw4yRD,2,4,13
hYqXVNljaK2KgJaw4yRD,2,5,13
AA8HnfftJGI0JPS4uIrG,8,1,13
AA8HnfftJGI0JPS4uIrG,8,2,13
AA8HnfftJGI0JPS4uIrG,8,3,13
AA8HnfftJGI0JPS4uIrG,8,4,13
AA8HnfftJGI0JPS4uIrG,8,5,13
irt7IaQZTHGBRpNeeKnv,14,1,13
irt7IaQZTHGBRpNeeKnv,14,2,13
irt7IaQZTHGBRpNeeKnv,14,3,13
irt7IaQZTHGBRpNeeKnv,14,4,13
irt7IaQZTHGBRpNeeKnv,14,5,13
lqxv59trrdqsba4eYwqm,20,1,13
lqxv59trrdqsba4eYwqm,20,2,13
lqxv59trrdqsba4eYwqm,20,3,13
lqxv59trrdqsba4eYwqm,20,4,13
lqxv59trrdqsba4eYwqm,20,5,13
B2W1nBHLZdOoqOEKSbM7,26,1,13
B2W1nBHLZdOoqOEKSbM7,26,2,13
B2W1nBHLZdOoqOEKSbM7,26,3,13
B2W1nBHLZdOoqOEKSbM7,26,4,13
B2W1nBHLZdOoqOEKSbM7,26,5,13
qYMxp6b4ok1eHj1RKgdt,32,1,13
qYMxp6b4ok1eHj1RKgdt,32,2,13
qYMxp6b4ok1eHj1RKgdt,32,3,13
qYMxp6b4ok1eHj1RKgdt,32,4,13
qYMxp6b4ok1eHj1RKgdt,32,5,13
jEU6azeRmJKInzmmUguB,38,1,13
jEU6azeRmJKInzmmUguB,38,2,13
jEU6azeRmJKInzmmUguB,38,3,13
jEU6azeRmJKInzmmUguB,38,4,13
jEU6azeRmJKInzmmUguB,38,5,13
dAONeNZGpdEMUs0Pto9c,44,1,13
dAONeNZGpdEMUs0Pto9c,44,2,13
dAONeNZGpdEMUs0Pto9c,44,3,13
dAONeNZGpdEMUs0Pto9c,44,4,13
dAONeNZGpdEMUs0Pto9c,44,5,13
q8kJsh5Ju5Se9xVqzGZM,50,1,13
q8kJsh5Ju5Se9xVqzGZM,50,2,13
q8kJsh5Ju5Se9xVqzGZM,50,3,13
q8kJsh5Ju5Se9xVqzGZM,50,4,13
q8kJsh5Ju5Se9xVqzGZM,50,5,13
4hqfUge80ZvpPIIyd2cb,56,1,13
4hqfUge80ZvpPIIyd2cb,56,2,13
4hqfUge80ZvpPIIyd2cb,56,3,13
4hqfUge80ZvpPIIyd2cb,56,4,13
4hqfUge80ZvpPIIyd2cb,56,5,13
o5gPINh4dgbYfa1YDNjo,62,1,13
o5gPINh4dgbYfa1YDNjo,62,2,13
o5gPINh4dgbYfa1YDNjo,62,3,13
o5gPINh4dgbYfa1YDNjo,62,4,13
o5gPINh4dgbYfa1YDNjo,62,5,13
CJ3wmewzDsZervauyvB4,68,1,13
CJ3wmewzDsZervauyvB4,68,2,13
CJ3wmewzDsZervauyvB4,68,3,13
CJ3wmewzDsZervauyvB4,68,4,13
CJ3wmewzDsZervauyvB4,68,5,13
RRKhYSC5EBbpWSX2XVLs,74,1,13
RRKhYSC5EBbpWSX2XVLs,74,2,13
RRKhYSC5EBbpWSX2XVLs,74,3,13
RRKhYSC5EBbpWSX2XVLs,74,4,13
RRKhYSC5EBbpWSX2XVLs,74,5,13
uxGYFrERuYuJ9i6gnhWX,80,1,13
uxGYFrERuYuJ9i6gnhWX,80,2,13
uxGYFrERuYuJ9i6gnhWX,80,3,13
uxGYFrERuYuJ9i6gnhWX,80,4,13
uxGYFrERuYuJ9i6gnhWX,80,5,13
VcE6J1PCWAKc3viB90rl,86,1,13
VcE6J1PCWAKc3viB90rl,86,2,13
VcE6J1PCWAKc3viB90rl,86,3,13
VcE6J1PCWAKc3viB90rl,86,4,13
VcE6J1PCWAKc3viB90rl,86,5,13
kpAzVBZfvNHduSCJHbIH,92,1,13
kpAzVBZfvNHduSCJHbIH,92,2,13
kpAzVBZfvNHduSCJHbIH,92,3,13
kpAzVBZfvNHduSCJHbIH,92,4,13
kpAzVBZfvNHduSCJHbIH,92,5,13
moT29YX1auOOB4BPtgjn,98,1,13
moT29YX1auOOB4BPtgjn,98,2,13
moT29YX1auOOB4BPtgjn,98,3,13
moT29YX1auOOB4BPtgjn,98,4,13
moT29YX1auOOB4BPtgjn,98,5,13
OExlS21Zx1RXVF8pHmGv,104,1,13
OExlS21Zx1RXVF8pHmGv,104,2,13
OExlS21Zx1RXVF8pHmGv,104,3,13
OExlS21Zx1RXVF8pHmGv,104,4,13
OExlS21Zx1RXVF8pHmGv,104,5,13
YxlwkRQecfBekiQuPhKF,110,1,13
YxlwkRQecfBekiQuPhKF,110,2,13
YxlwkRQecfBekiQuPhKF,110,3,13
YxlwkRQecfBekiQuPhKF,110,4,13
YxlwkRQecfBekiQuPhKF,110,5,13
ZFeGiIMy2aUJDI0ptRAf,116,1,13
ZFeGiIMy2aUJDI0ptRAf,116,2,13
ZFeGiIMy2aUJDI0ptRAf,116,3,13
ZFeGiIMy2aUJDI0ptRAf,116,4,13
ZFeGiIMy2aUJDI0ptRAf,116,5,13
I8h7heuHbSpYTwTTXyCG,122,1,13
I8h7heuHbSpYTwTTXyCG,122,2,13
I8h7heuHbSpYTwTTXyCG,122,3,13
I8h7heuHbSpYTwTTXyCG,122,4,13
I8h7heuHbSpYTwTTXyCG,122,5,13
XET0NgGU3A7Fl8zCSRPg,128,1,13
XET0NgGU3A7Fl8zCSRPg,128,2,13
XET0NgGU3A7Fl8zCSRPg,128,3,13
XET0NgGU3A7Fl8zCSRPg,128,4,13
XET0NgGU3A7Fl8zCSRPg,128,5,13
cjEBqMwWJdeNzEmvydNx,134,1,13
cjEBqMwWJdeNzEmvydNx,134,2,13
cjEBqMwWJdeNzEmvydNx,134,3,13
cjEBqMwWJdeNzEmvydNx,134,4,13
cjEBqMwWJdeNzEmvydNx,134,5,13
RcF3XBesCSlTepgyby5Q,140,1,13
RcF3XBesCSlTepgyby5Q,140,2,13
RcF3XBesCSlTepgyby5Q,140,3,13
RcF3XBesCSlTepgyby5Q,140,4,13
RcF3XBesCSlTepgyby5Q,140,5,13
WkXjvqnysQHSw5UVfs1M,146,1,13
WkXjvqnysQHSw5UVfs1M,146,2,13
WkXjvqnysQHSw5UVfs1M,146,3,13
WkXjvqnysQHSw5UVfs1M,146,4,13
WkXjvqnysQHSw5UVfs1M,146,5,13
nzES9mbkGv5uLUVHPvkU,152,1,13
nzES9mbkGv5uLUVHPvkU,152,2,13
nzES9mbkGv5uLUVHPvkU,152,3,13
nzES9mbkGv5uLUVHPvkU,152,4,13
nzES9mbkGv5uLUVHPvkU,152,5,13
JHjAeg2nKyncWwpxBwI8,158,1,13
JHjAeg2nKyncWwpxBwI8,158,2,13
JHjAeg2nKyncWwpxBwI8,158,3,13
JHjAeg2nKyncWwpxBwI8,158,4,13
JHjAeg2nKyncWwpxBwI8,158,5,13
9YgxdsRQOkaFxvZO3SiZ,164,1,13
9YgxdsRQOkaFxvZO3SiZ,164,2,13
9YgxdsRQOkaFxvZO3SiZ,164,3,13
9YgxdsRQOkaFxvZO3SiZ,164,4,13
9YgxdsRQOkaFxvZO3SiZ,164,5,13
lO2gVJVVlFBn4Ok0G6hu,170,1,13
lO2gVJVVlFBn4Ok0G6hu,170,2,13
lO2gVJVVlFBn4Ok0G6hu,170,3,13
lO2gVJVVlFBn4Ok0G6hu,170,4,13
lO2gVJVVlFBn4Ok0G6hu,170,5,13
npA8RoLqrVMYKOc1TdMA,176,1,13
npA8RoLqrVMYKOc1TdMA,176,2,13
npA8RoLqrVMYKOc1TdMA,176,3,13
npA8RoLqrVMYKOc1TdMA,176,4,13
npA8RoLqrVMYKOc1TdMA,176,5,13
