wc4uEwpdgugwnhkltu37,1415,1,13
wc4uEwpdgugwnhkltu37,1415,2,13
wc4uEwpdgugwnhkltu37,1415,3,13
wc4uEwpdgugwnhkltu37,1415,4,13
wc4uEwpdgugwnhkltu37,1415,5,13
G7eT6tMfmDgoSYNcll0H,1416,1,13
G7eT6tMfmDgoSYNcll0H,1416,2,13
G7eT6tMfmDgoSYNcll0H,1416,3,13
G7eT6tMfmDgoSYNcll0H,1416,4,13
G7eT6tMfmDgoSYNcll0H,1416,5,13
T2wiVnxeL0HVzj2Cv3zi,1435,1,13
T2wiVnxeL0HVzj2Cv3zi,1435,2,13
T2wiVnxeL0HVzj2Cv3zi,1435,3,13
T2wiVnxeL0HVzj2Cv3zi,1435,4,13
T2wiVnxeL0HVzj2Cv3zi,1435,5,13
oOhd8T2En03u4eFFuUV8,1436,1,13
oOhd8T2En03u4eFFuUV8,1436,2,13
oOhd8T2En03u4eFFuUV8,1436,3,13
oOhd8T2En03u4eFFuUV8,1436,4,13
oOhd8T2En03u4eFFuUV8,1436,5,13
km5cLjkuVb3SynVXyker,1455,1,13
km5cLjkuVb3SynVXyker,1455,2,13
km5cLjkuVb3SynVXyker,1455,3,13
km5cLjkuVb3SynVXyker,1455,4,13
km5cLjkuVb3SynVXyker,1455,5,13
WCxP0Mhg2DgiABL19dHh,1456,1,13
WCxP0Mhg2DgiABL19dHh,1456,2,13
WCxP0Mhg2DgiABL19dHh,1456,3,13
WCxP0Mhg2DgiABL19dHh,1456,4,13
WCxP0Mhg2DgiABL19dHh,1456,5,13
0aQ1Q0V1xx4lp1PeIzXL,1475,1,13
0aQ1Q0V1xx4lp1PeIzXL,1475,2,13
0aQ1Q0V1xx4lp1PeIzXL,1475,3,13
0aQ1Q0V1xx4lp1PeIzXL,1475,4,13
0aQ1Q0V1xx4lp1PeIzXL,1475,5,13
jSV6izBShS1UZlgTQCZb,1476,1,13
jSV6izBShS1UZlgTQCZb,1476,2,13
jSV6izBShS1UZlgTQCZb,1476,3,13
jSV6izBShS1UZlgTQCZb,1476,4,13
jSV6izBShS1UZlgTQCZb,1476,5,13
L51cmb3Xf1QiyhY0HSxx,1495,1,13
L51cmb3Xf1QiyhY0HSxx,1495,2,13
L51cmb3Xf1QiyhY0HSxx,1495,3,13
L51cmb3Xf1QiyhY0HSxx,1495,4,13
L51cmb3Xf1QiyhY0HSxx,1495,5,13
vJqnCMG9bwwdEU093PYS,1496,1,13
vJqnCMG9bwwdEU093PYS,1496,2,13
vJqnCMG9bwwdEU093PYS,1496,3,13
vJqnCMG9bwwdEU093PYS,1496,4,13
vJqnCMG9bwwdEU093PYS,1496,5,13
rG6PETTXZqw8DmhxR468,1515,1,13
rG6PETTXZqw8DmhxR468,1515,2,13
rG6PETTXZqw8DmhxR468,1515,3,13
rG6PETTXZqw8DmhxR468,1515,4,13
rG6PETTXZqw8DmhxR468,1515,5,13
H8LBJBs5N8SMIrFgrOhW,1516,1,13
H8LBJBs5N8SMIrFgrOhW,1516,2,13
H8LBJBs5N8SMIrFgrOhW,1516,3,13
H8LBJBs5N8SMIrFgrOhW,1516,4,13
H8LBJBs5N8SMIrFgrOhW,1516,5,13
wyOnKnQh1Jn0gQWRdfJy,1535,1,13
wyOnKnQh1Jn0gQWRdfJy,1535,2,13
wyOnKnQh1Jn0gQWRdfJy,1535,3,13
wyOnKnQh1Jn0gQWRdfJy,1535,4,13
wyOnKnQh1Jn0gQWRdfJy,1535,5,13
Y0QvtKiXQzcL5k5LN3uf,1536,1,13
Y0QvtKiXQzcL5k5LN3uf,1536,2,13
Y0QvtKiXQzcL5k5LN3uf,1536,3,13
Y0QvtKiXQzcL5k5LN3uf,1536,4,13
Y0QvtKiXQzcL5k5LN3uf,1536,5,13
vjsNS7KeMK09Eh5wzaMg,1555,1,13
vjsNS7KeMK09Eh5wzaMg,1555,2,13
vjsNS7KeMK09Eh5wzaMg,1555,3,13
vjsNS7KeMK09Eh5wzaMg,1555,4,13
vjsNS7KeMK09Eh5wzaMg,1555,5,13
AtQVJEqIirb05LFPaBiC,1556,1,13
AtQVJEqIirb05LFPaBiC,1556,2,13
AtQVJEqIirb05LFPaBiC,1556,3,13
AtQVJEqIirb05LFPaBiC,1556,4,13
AtQVJEqIirb05LFPaBiC,1556,5,13
UU3mZcQID2nUZ30a8397,1575,1,13
UU3mZcQID2nUZ30a8397,1575,2,13
UU3mZcQID2nUZ30a8397,1575,3,13
UU3mZcQID2nUZ30a8397,1575,4,13
UU3mZcQID2nUZ30a8397,1575,5,13
VVgQpbQci9asZ36omNic,1576,1,13
VVgQpbQci9asZ36omNic,1576,2,13
VVgQpbQci9asZ36omNic,1576,3,13
VVgQpbQci9asZ36omNic,1576,4,13
VVgQpbQci9asZ36omNic,1576,5,13
qeuo9MsSleRYKtNCXXPS,1595,1,13
qeuo9MsSleRYKtNCXXPS,1595,2,13
qeuo9MsSleRYKtNCXXPS,1595,3,13
qeuo9MsSleRYKtNCXXPS,1595,4,13
qeuo9MsSleRYKtNCXXPS,1595,5,13
jm9atnhO91JiUjKFSIIC,1596,1,13
jm9atnhO91JiUjKFSIIC,1596,2,13
jm9atnhO91JiUjKFSIIC,1596,3,13
jm9atnhO91JiUjKFSIIC,1596,4,13
jm9atnhO91JiUjKFSIIC,1596,5,13
172AnSSGoznRfsGtjnDW,1615,1,13
172AnSSGoznRfsGtjnDW,1615,2,13
172AnSSGoznRfsGtjnDW,1615,3,13
172AnSSGoznRfsGtjnDW,1615,4,13
172AnSSGoznRfsGtjnDW,1615,5,13
i1vTUp1wHV6EPWvDEDgZ,1616,1,13
i1vTUp1wHV6EPWvDEDgZ,1616,2,13
i1vTUp1wHV6EPWvDEDgZ,1616,3,13
i1vTUp1wHV6EPWvDEDgZ,1616,4,13
i1vTUp1wHV6EPWvDEDgZ,1616,5,13
rLDk5jbEv4qO8I8RqQkn,1635,1,13
rLDk5jbEv4qO8I8RqQkn,1635,2,13
rLDk5jbEv4qO8I8RqQkn,1635,3,13
rLDk5jbEv4qO8I8RqQkn,1635,4,13
rLDk5jbEv4qO8I8RqQkn,1635,5,13
vthrjwjaCRpmscooHJam,1636,1,13
vthrjwjaCRpmscooHJam,1636,2,13
vthrjwjaCRpmscooHJam,1636,3,13
vthrjwjaCRpmscooHJam,1636,4,13
vthrjwjaCRpmscooHJam,1636,5,13
QFMJdKtzDGdGZju4CWho,1655,1,13
QFMJdKtzDGdGZju4CWho,1655,2,13
QFMJdKtzDGdGZju4CWho,1655,3,13
QFMJdKtzDGdGZju4CWho,1655,4,13
QFMJdKtzDGdGZju4CWho,1655,5,13
2jY8B2VmSXrtBGUpBiCE,1656,1,13
2jY8B2VmSXrtBGUpBiCE,1656,2,13
2jY8B2VmSXrtBGUpBiCE,1656,3,13
2jY8B2VmSXrtBGUpBiCE,1656,4,13
2jY8B2VmSXrtBGUpBiCE,1656,5,13
oh2TKorgT0kMabLvic1d,1675,1,13
oh2TKorgT0kMabLvic1d,1675,2,13
oh2TKorgT0kMabLvic1d,1675,3,13
oh2TKorgT0kMabLvic1d,1675,4,13
oh2TKorgT0kMabLvic1d,1675,5,13
6F2QErDY28PGuw5aRGjE,1676,1,13
6F2QErDY28PGuw5aRGjE,1676,2,13
6F2QErDY28PGuw5aRGjE,1676,3,13
6F2QErDY28PGuw5aRGjE,1676,4,13
6F2QErDY28PGuw5aRGjE,1676,5,13
3p8icbzRHqBv4CGuFbaT,1695,1,13
3p8icbzRHqBv4CGuFbaT,1695,2,13
3p8icbzRHqBv4CGuFbaT,1695,3,13
3p8icbzRHqBv4CGuFbaT,1695,4,13
3p8icbzRHqBv4CGuFbaT,1695,5,13
tLm0Aqkd2TEC9dtRwv6j,1696,1,13
tLm0Aqkd2TEC9dtRwv6j,1696,2,13
tLm0Aqkd2TEC9dtRwv6j,1696,3,13
tLm0Aqkd2TEC9dtRwv6j,1696,4,13
tLm0Aqkd2TEC9dtRwv6j,1696,5,13
P8r3D5A8dc9aRZTO1LKN,1715,1,13
P8r3D5A8dc9aRZTO1LKN,1715,2,13
P8r3D5A8dc9aRZTO1LKN,1715,3,13
P8r3D5A8dc9aRZTO1LKN,1715,4,13
P8r3D5A8dc9aRZTO1LKN,1715,5,13
WlxczlFISiT0Fna79Jqt,1716,1,13
WlxczlFISiT0Fna79Jqt,1716,2,13
WlxczlFISiT0Fna79Jqt,1716,3,13
WlxczlFISiT0Fna79Jqt,1716,4,13
WlxczlFISiT0Fna79Jqt,1716,5,13
y4jb9ZCDwumiKAn5HuLC,1735,1,13
y4jb9ZCDwumiKAn5HuLC,1735,2,13
y4jb9ZCDwumiKAn5HuLC,1735,3,13
y4jb9ZCDwumiKAn5HuLC,1735,4,13
y4jb9ZCDwumiKAn5HuLC,1735,5,13
X08jjUpkFHAqImw1EYNx,1736,1,13
X08jjUpkFHAqImw1EYNx,1736,2,13
X08jjUpkFHAqImw1EYNx,1736,3,13
X08jjUpkFHAqImw1EYNx,1736,4,13
X08jjUpkFHAqImw1EYNx,1736,5,13
GoMBhflIRe4P6RGDHl6K,1755,1,13
GoMBhflIRe4P6RGDHl6K,1755,2,13
GoMBhflIRe4P6RGDHl6K,1755,3,13
GoMBhflIRe4P6RGDHl6K,1755,4,13
GoMBhflIRe4P6RGDHl6K,1755,5,13
