qNv9KNkLvyr08MxDrdAV,3,1,13
qNv9KNkLvyr08MxDrdAV,3,2,13
qNv9KNkLvyr08MxDrdAV,3,3,13
qNv9KNkLvyr08MxDrdAV,3,4,13
qNv9KNkLvyr08MxDrdAV,3,5,13
qNv9KNkLvyr08MxDrdAV,9,1,13
qNv9KNkLvyr08MxDrdAV,9,2,13
qNv9KNkLvyr08MxDrdAV,9,3,13
qNv9KNkLvyr08MxDrdAV,9,4,13
qNv9KNkLvyr08MxDrdAV,9,5,13
kygDirZr2kIfW0amyaay,15,1,13
kygDirZr2kIfW0amyaay,15,2,13
kygDirZr2kIfW0amyaay,15,3,13
kygDirZr2kIfW0amyaay,15,4,13
kygDirZr2kIfW0amyaay,15,5,13
kygDirZr2kIfW0amyaay,21,1,13
kygDirZr2kIfW0amyaay,21,2,13
kygDirZr2kIfW0amyaay,21,3,13
kygDirZr2kIfW0amyaay,21,4,13
kygDirZr2kIfW0amyaay,21,5,13
SQgg6aqVeb05WgCls4AH,27,1,13
SQgg6aqVeb05WgCls4AH,27,2,13
SQgg6aqVeb05WgCls4AH,27,3,13
SQgg6aqVeb05WgCls4AH,27,4,13
SQgg6aqVeb05WgCls4AH,27,5,13
SQgg6aqVeb05WgCls4AH,33,1,13
SQgg6aqVeb05WgCls4AH,33,2,13
SQgg6aqVeb05WgCls4AH,33,3,13
SQgg6aqVeb05WgCls4AH,33,4,13
SQgg6aqVeb05WgCls4AH,33,5,13
83szeHhWB0WwkLvdolx3,39,1,13
83szeHhWB0WwkLvdolx3,39,2,13
83szeHhWB0WwkLvdolx3,39,3,13
83szeHhWB0WwkLvdolx3,39,4,13
83szeHhWB0WwkLvdolx3,39,5,13
83szeHhWB0WwkLvdolx3,45,1,13
83szeHhWB0WwkLvdolx3,45,2,13
83szeHhWB0WwkLvdolx3,45,3,13
83szeHhWB0WwkLvdolx3,45,4,13
83szeHhWB0WwkLvdolx3,45,5,13
T0acD1HYbrESMIRm4Rsb,51,1,13
T0acD1HYbrESMIRm4Rsb,51,2,13
T0acD1HYbrESMIRm4Rsb,51,3,13
T0acD1HYbrESMIRm4Rsb,51,4,13
T0acD1HYbrESMIRm4Rsb,51,5,13
T0acD1HYbrESMIRm4Rsb,57,1,13
T0acD1HYbrESMIRm4Rsb,57,2,13
T0acD1HYbrESMIRm4Rsb,57,3,13
T0acD1HYbrESMIRm4Rsb,57,4,13
T0acD1HYbrESMIRm4Rsb,57,5,13
dIIANKAYslic7HILZWIV,63,1,13
dIIANKAYslic7HILZWIV,63,2,13
dIIANKAYslic7HILZWIV,63,3,13
dIIANKAYslic7HILZWIV,63,4,13
dIIANKAYslic7HILZWIV,63,5,13
dIIANKAYslic7HILZWIV,69,1,13
dIIANKAYslic7HILZWIV,69,2,13
dIIANKAYslic7HILZWIV,69,3,13
dIIANKAYslic7HILZWIV,69,4,13
dIIANKAYslic7HILZWIV,69,5,13
by6oLvO0tNvHgNK8wxRo,75,1,13
by6oLvO0tNvHgNK8wxRo,75,2,13
by6oLvO0tNvHgNK8wxRo,75,3,13
by6oLvO0tNvHgNK8wxRo,75,4,13
by6oLvO0tNvHgNK8wxRo,75,5,13
by6oLvO0tNvHgNK8wxRo,81,1,13
by6oLvO0tNvHgNK8wxRo,81,2,13
by6oLvO0tNvHgNK8wxRo,81,3,13
by6oLvO0tNvHgNK8wxRo,81,4,13
by6oLvO0tNvHgNK8wxRo,81,5,13
aBG00i9KkUABn4EW8LHh,87,1,13
aBG00i9KkUABn4EW8LHh,87,2,13
aBG00i9KkUABn4EW8LHh,87,3,13
aBG00i9KkUABn4EW8LHh,87,4,13
aBG00i9KkUABn4EW8LHh,87,5,13
aBG00i9KkUABn4EW8LHh,93,1,13
aBG00i9KkUABn4EW8LHh,93,2,13
aBG00i9KkUABn4EW8LHh,93,3,13
aBG00i9KkUABn4EW8LHh,93,4,13
aBG00i9KkUABn4EW8LHh,93,5,13
PnyfcvLeQJSwfOaKfK7V,99,1,13
PnyfcvLeQJSwfOaKfK7V,99,2,13
PnyfcvLeQJSwfOaKfK7V,99,3,13
PnyfcvLeQJSwfOaKfK7V,99,4,13
PnyfcvLeQJSwfOaKfK7V,99,5,13
PnyfcvLeQJSwfOaKfK7V,105,1,13
PnyfcvLeQJSwfOaKfK7V,105,2,13
PnyfcvLeQJSwfOaKfK7V,105,3,13
PnyfcvLeQJSwfOaKfK7V,105,4,13
PnyfcvLeQJSwfOaKfK7V,105,5,13
DZF5PBbTHEONnnwz4gXN,111,1,13
DZF5PBbTHEONnnwz4gXN,111,2,13
DZF5PBbTHEONnnwz4gXN,111,3,13
DZF5PBbTHEONnnwz4gXN,111,4,13
DZF5PBbTHEONnnwz4gXN,111,5,13
DZF5PBbTHEONnnwz4gXN,117,1,13
DZF5PBbTHEONnnwz4gXN,117,2,13
DZF5PBbTHEONnnwz4gXN,117,3,13
DZF5PBbTHEONnnwz4gXN,117,4,13
DZF5PBbTHEONnnwz4gXN,117,5,13
YgaR1eWL5i4nHFtbvB9u,123,1,13
YgaR1eWL5i4nHFtbvB9u,123,2,13
YgaR1eWL5i4nHFtbvB9u,123,3,13
YgaR1eWL5i4nHFtbvB9u,123,4,13
YgaR1eWL5i4nHFtbvB9u,123,5,13
YgaR1eWL5i4nHFtbvB9u,129,1,13
YgaR1eWL5i4nHFtbvB9u,129,2,13
YgaR1eWL5i4nHFtbvB9u,129,3,13
YgaR1eWL5i4nHFtbvB9u,129,4,13
YgaR1eWL5i4nHFtbvB9u,129,5,13
RK4ZfL6I42JWA1OkWfib,135,1,13
RK4ZfL6I42JWA1OkWfib,135,2,13
RK4ZfL6I42JWA1OkWfib,135,3,13
RK4ZfL6I42JWA1OkWfib,135,4,13
RK4ZfL6I42JWA1OkWfib,135,5,13
RK4ZfL6I42JWA1OkWfib,141,1,13
RK4ZfL6I42JWA1OkWfib,141,2,13
RK4ZfL6I42JWA1OkWfib,141,3,13
RK4ZfL6I42JWA1OkWfib,141,4,13
RK4ZfL6I42JWA1OkWfib,141,5,13
Jic0c4iSiR5qwYH7L9XJ,147,1,13
Jic0c4iSiR5qwYH7L9XJ,147,2,13
Jic0c4iSiR5qwYH7L9XJ,147,3,13
Jic0c4iSiR5qwYH7L9XJ,147,4,13
Jic0c4iSiR5qwYH7L9XJ,147,5,13
Jic0c4iSiR5qwYH7L9XJ,153,1,13
Jic0c4iSiR5qwYH7L9XJ,153,2,13
Jic0c4iSiR5qwYH7L9XJ,153,3,13
Jic0c4iSiR5qwYH7L9XJ,153,4,13
Jic0c4iSiR5qwYH7L9XJ,153,5,13
56gmhf2fxcqHxli6QbKS,159,1,13
56gmhf2fxcqHxli6QbKS,159,2,13
56gmhf2fxcqHxli6QbKS,159,3,13
56gmhf2fxcqHxli6QbKS,159,4,13
56gmhf2fxcqHxli6QbKS,159,5,13
56gmhf2fxcqHxli6QbKS,165,1,13
56gmhf2fxcqHxli6QbKS,165,2,13
56gmhf2fxcqHxli6QbKS,165,3,13
56gmhf2fxcqHxli6QbKS,165,4,13
56gmhf2fxcqHxli6QbKS,165,5,13
p45uRdu8MI5FWumAuZCa,171,1,13
p45uRdu8MI5FWumAuZCa,171,2,13
p45uRdu8MI5FWumAuZCa,171,3,13
p45uRdu8MI5FWumAuZCa,171,4,13
p45uRdu8MI5FWumAuZCa,171,5,13
p45uRdu8MI5FWumAuZCa,177,1,13
p45uRdu8MI5FWumAuZCa,177,2,13
p45uRdu8MI5FWumAuZCa,177,3,13
p45uRdu8MI5FWumAuZCa,177,4,13
p45uRdu8MI5FWumAuZCa,177,5,13
