oDf49tM7hPabrk0BnMwP,1,1,3,13
oDf49tM7hPabrk0BnMwP,1,2,4,13
bxsvTSRLRCgk7dDINzMh,2,1,3,13
bxsvTSRLRCgk7dDINzMh,2,2,4,13
Od8B8Gl0eiaPQmqgDpjp,3,1,3,13
Od8B8Gl0eiaPQmqgDpjp,3,2,4,13
96rD3MdP7uAyotFwmGMo,21,1,3,13
96rD3MdP7uAyotFwmGMo,21,2,4,13
HAEKyLGhZb8tVnqOJvVz,22,1,3,13
HAEKyLGhZb8tVnqOJvVz,22,2,4,13
BXPpm8ZYOaTnJFhyErUn,23,1,3,13
BXPpm8ZYOaTnJFhyErUn,23,2,4,13
sB5DfYpShPhfNsde1nAe,41,1,3,13
sB5DfYpShPhfNsde1nAe,41,2,4,13
GiTJYIKgi3zPuhzTJXrV,42,1,3,13
GiTJYIKgi3zPuhzTJXrV,42,2,4,13
PCayoXT0khvt2dM6Qr69,43,1,3,13
PCayoXT0khvt2dM6Qr69,43,2,4,13
boaFSiMcJPj3MvjTTZLk,61,1,3,13
boaFSiMcJPj3MvjTTZLk,61,2,4,13
MinoCgHl3RksfbBcW37p,62,1,3,13
MinoCgHl3RksfbBcW37p,62,2,4,13
H9H9mgJ4jirQlIGPHqAT,63,1,3,13
H9H9mgJ4jirQlIGPHqAT,63,2,4,13
hkfelEQpbb5pRF11kbgz,81,1,3,13
hkfelEQpbb5pRF11kbgz,81,2,4,13
S5Z7vd564qFcyN4Foskc,82,1,3,13
S5Z7vd564qFcyN4Foskc,82,2,4,13
QvOjdx2IN7OeYXul0b2W,83,1,3,13
QvOjdx2IN7OeYXul0b2W,83,2,4,13
UmEiztwI615ZJFanxsb8,101,1,3,13
UmEiztwI615ZJFanxsb8,101,2,4,13
28WEdo9cSg8HKhf5Dh3A,102,1,3,13
28WEdo9cSg8HKhf5Dh3A,102,2,4,13
w2SNmM4HsXXhTGx2dg3Z,103,1,3,13
w2SNmM4HsXXhTGx2dg3Z,103,2,4,13
M485QFKyVEkuEYIZvISE,121,1,3,13
M485QFKyVEkuEYIZvISE,121,2,4,13
RIMkHU4E13bPtWFLOil8,122,1,3,13
RIMkHU4E13bPtWFLOil8,122,2,4,13
WrUEdmhC1Yqz5k6m0Jz4,123,1,3,13
WrUEdmhC1Yqz5k6m0Jz4,123,2,4,13
0LKOREgmgb19Ywa9xAhX,141,1,3,13
0LKOREgmgb19Ywa9xAhX,141,2,4,13
By9T04oBGguzBdnX8Kbo,142,1,3,13
By9T04oBGguzBdnX8Kbo,142,2,4,13
GydeOiq7CUPTqYUeAHqN,143,1,3,13
GydeOiq7CUPTqYUeAHqN,143,2,4,13
IAantu7TMcBi2HkZMgfT,161,1,3,13
IAantu7TMcBi2HkZMgfT,161,2,4,13
HFBLpC24N3bkiAXMoP30,162,1,3,13
HFBLpC24N3bkiAXMoP30,162,2,4,13
roOL935Ch73Sv52Ln5f1,163,1,3,13
roOL935Ch73Sv52Ln5f1,163,2,4,13
RlL8MUZeXAn4EzdCkANQ,181,1,3,13
RlL8MUZeXAn4EzdCkANQ,181,2,4,13
DeMr4PHPrPUNwwulbu1f,182,1,3,13
DeMr4PHPrPUNwwulbu1f,182,2,4,13
HDuZkuCValXq0dQeZc4v,183,1,3,13
HDuZkuCValXq0dQeZc4v,183,2,4,13
7UWeXOOhkQQ6mfZRLOHu,201,1,3,13
7UWeXOOhkQQ6mfZRLOHu,201,2,4,13
CiGUGYGVt1L1JogYZ24E,202,1,3,13
CiGUGYGVt1L1JogYZ24E,202,2,4,13
WwjY7JcMcNTGey1ErRXd,203,1,3,13
WwjY7JcMcNTGey1ErRXd,203,2,4,13
0igkgx8c1pqG1qoXGp7R,221,1,3,13
0igkgx8c1pqG1qoXGp7R,221,2,4,13
EUze380ms89WOMwFFA2h,222,1,3,13
EUze380ms89WOMwFFA2h,222,2,4,13
FxyQ0g5kdzMJ0oGHwvsL,223,1,3,13
FxyQ0g5kdzMJ0oGHwvsL,223,2,4,13
8YfsFKj1C0u1SeWNsAFq,241,1,3,13
8YfsFKj1C0u1SeWNsAFq,241,2,4,13
1fg43ThZQZErbsi5Noh2,242,1,3,13
1fg43ThZQZErbsi5Noh2,242,2,4,13
WbYGWVkAGZHeGZZXLKLo,243,1,3,13
WbYGWVkAGZHeGZZXLKLo,243,2,4,13
TQ7ovYL5uap5I1WVwKyt,261,1,3,13
TQ7ovYL5uap5I1WVwKyt,261,2,4,13
zyJInurAQrhBORS55T7y,262,1,3,13
zyJInurAQrhBORS55T7y,262,2,4,13
ZdacfvAJD9J2DpwKQWzK,263,1,3,13
ZdacfvAJD9J2DpwKQWzK,263,2,4,13
qP7xCLZNiA2UYM89KQzj,281,1,3,13
qP7xCLZNiA2UYM89KQzj,281,2,4,13
56OCP4IEok43JzSJBV6f,282,1,3,13
56OCP4IEok43JzSJBV6f,282,2,4,13
Cuvvm2dld2q22Rrc7xOT,283,1,3,13
Cuvvm2dld2q22Rrc7xOT,283,2,4,13
hmqe9mQ2hAIHimpz6Dlr,301,1,3,13
hmqe9mQ2hAIHimpz6Dlr,301,2,4,13
LsOtzWuXN65N7qU4X2eP,302,1,3,13
LsOtzWuXN65N7qU4X2eP,302,2,4,13
xQzM4Enpio7VEk4iSvwA,303,1,3,13
xQzM4Enpio7VEk4iSvwA,303,2,4,13
JEJfbaeq1eavqkdUVppR,321,1,3,13
JEJfbaeq1eavqkdUVppR,321,2,4,13
8AZZXR38XkbbLcKB0e6l,322,1,3,13
8AZZXR38XkbbLcKB0e6l,322,2,4,13
1PCbWBJZGOI0b4yIly7G,323,1,3,13
1PCbWBJZGOI0b4yIly7G,323,2,4,13
DcmGRjXajLFG3ydJJj8y,341,1,3,13
DcmGRjXajLFG3ydJJj8y,341,2,4,13
0dkORBnoxAmPm1qvBRsf,342,1,3,13
0dkORBnoxAmPm1qvBRsf,342,2,4,13
ubyXm5xejMFdWhqQkqtg,343,1,3,13
ubyXm5xejMFdWhqQkqtg,343,2,4,13
G5ivuEItYGxeDHnnCPWJ,361,1,3,13
G5ivuEItYGxeDHnnCPWJ,361,2,4,13
FUdhXScGOk0DRJ0YMTEB,362,1,3,13
FUdhXScGOk0DRJ0YMTEB,362,2,4,13
erizqttc9mGXXgHXC6df,363,1,3,13
erizqttc9mGXXgHXC6df,363,2,4,13
wwspyeItS4DsLiYJ23lq,381,1,3,13
wwspyeItS4DsLiYJ23lq,381,2,4,13
b81UBuDUNTJEmXEn2tFa,382,1,3,13
b81UBuDUNTJEmXEn2tFa,382,2,4,13
lHNFeneqeMcKCEQwjfOX,383,1,3,13
lHNFeneqeMcKCEQwjfOX,383,2,4,13
iT5RSEeKTLVBfAdfMnEU,401,1,3,13
iT5RSEeKTLVBfAdfMnEU,401,2,4,13
XZGmICsjQXYVa95yIMOt,402,1,3,13
XZGmICsjQXYVa95yIMOt,402,2,4,13
8V6n3jJvy13iJ3Hy6C6Q,403,1,3,13
8V6n3jJvy13iJ3Hy6C6Q,403,2,4,13
StNPs1KjLryQxQXQRrfS,421,1,3,13
StNPs1KjLryQxQXQRrfS,421,2,4,13
rv2ZofV4knjoWyiEow72,422,1,3,13
rv2ZofV4knjoWyiEow72,422,2,4,13
D0nNoJCS9hmaE9NMhsmI,423,1,3,13
D0nNoJCS9hmaE9NMhsmI,423,2,4,13
VNbf7cPJ9kg647zwu4xt,441,1,3,13
VNbf7cPJ9kg647zwu4xt,441,2,4,13
MaEhRWgtEn8SiWIKtYFl,442,1,3,13
MaEhRWgtEn8SiWIKtYFl,442,2,4,13
PVXh3XJK97bd6rfjh1pT,443,1,3,13
PVXh3XJK97bd6rfjh1pT,443,2,4,13
Hg2MPYSPWiLE16ozB9Gm,461,1,3,13
Hg2MPYSPWiLE16ozB9Gm,461,2,4,13
eOLKK8LTCdWy8mkuabQs,462,1,3,13
eOLKK8LTCdWy8mkuabQs,462,2,4,13
EDFFhEJxZIkmrUDYU0Di,463,1,3,13
EDFFhEJxZIkmrUDYU0Di,463,2,4,13
cD7HlWZNyTeIeegZEvBD,481,1,3,13
cD7HlWZNyTeIeegZEvBD,481,2,4,13
UGV6ddGzXTRq1PPuwCvo,482,1,3,13
UGV6ddGzXTRq1PPuwCvo,482,2,4,13
yom2bDSELJZYuBGZoe4m,483,1,3,13
yom2bDSELJZYuBGZoe4m,483,2,4,13
WkxsJCHpJzEEwNhv7Vii,501,1,3,13
WkxsJCHpJzEEwNhv7Vii,501,2,4,13
uFptLOSbC4r8TbXj3zuC,502,1,3,13
uFptLOSbC4r8TbXj3zuC,502,2,4,13
yjfOpFrOboQ5wNqAjvqF,503,1,3,13
yjfOpFrOboQ5wNqAjvqF,503,2,4,13
OVkNqtkLIKqgHetTxZCb,521,1,3,13
OVkNqtkLIKqgHetTxZCb,521,2,4,13
tNs42WsgOcCb9mx0bXjf,522,1,3,13
tNs42WsgOcCb9mx0bXjf,522,2,4,13
GUsapMPiye6SbCwHxt5J,523,1,3,13
GUsapMPiye6SbCwHxt5J,523,2,4,13
fKQhCtPaZxdTRFISS4Zo,541,1,3,13
fKQhCtPaZxdTRFISS4Zo,541,2,4,13
GQxpFHa3Osfp3sv4Cd5G,542,1,3,13
GQxpFHa3Osfp3sv4Cd5G,542,2,4,13
zGyQvalEGRlRPDNkkFd0,543,1,3,13
zGyQvalEGRlRPDNkkFd0,543,2,4,13
tUP98QNthDbwmKsTvS8g,561,1,3,13
tUP98QNthDbwmKsTvS8g,561,2,4,13
LCQBjNKzNNzsaZee2xxu,562,1,3,13
LCQBjNKzNNzsaZee2xxu,562,2,4,13
sFNdStUmsIBJU8e4HlRl,563,1,3,13
sFNdStUmsIBJU8e4HlRl,563,2,4,13
eSLutXEUzA9vkKmfwjm0,581,1,3,13
eSLutXEUzA9vkKmfwjm0,581,2,4,13
yWTyFKK8DlBV4ofYr0kR,582,1,3,13
yWTyFKK8DlBV4ofYr0kR,582,2,4,13
kwJBzNBp5PlZYVtju1SV,583,1,3,13
kwJBzNBp5PlZYVtju1SV,583,2,4,13
qS53E0f6WRId9riVRp8j,601,1,3,13
qS53E0f6WRId9riVRp8j,601,2,4,13
eIngcf84pfbOqGkZBVNc,602,1,3,13
eIngcf84pfbOqGkZBVNc,602,2,4,13
GLaTtSAE0rpoOyppTveF,603,1,3,13
GLaTtSAE0rpoOyppTveF,603,2,4,13
yLTWWceY8gM5UEAkkABE,621,1,3,13
yLTWWceY8gM5UEAkkABE,621,2,4,13
ninmPbLrqCiAcQxE3mn0,622,1,3,13
ninmPbLrqCiAcQxE3mn0,622,2,4,13
QuBp7O9TwEL4UptquvpS,623,1,3,13
QuBp7O9TwEL4UptquvpS,623,2,4,13
ELIz9kUrkgJMi5uQSva9,641,1,3,13
ELIz9kUrkgJMi5uQSva9,641,2,4,13
YHoojgBCTnVZbvxa53dI,642,1,3,13
YHoojgBCTnVZbvxa53dI,642,2,4,13
oUyyGVKhi5tKguVldwRJ,643,1,3,13
oUyyGVKhi5tKguVldwRJ,643,2,4,13
iCTdjGX43HLjoDEQIc1A,661,1,3,13
iCTdjGX43HLjoDEQIc1A,661,2,4,13
5Afp1rHXKTgcWNRddto6,662,1,3,13
5Afp1rHXKTgcWNRddto6,662,2,4,13
2smIE01pZ17maIF0xt40,663,1,3,13
2smIE01pZ17maIF0xt40,663,2,4,13
CVQLX5CAf3j9wZ3RHp3e,681,1,3,13
CVQLX5CAf3j9wZ3RHp3e,681,2,4,13
mdNEc4WpIV0ZEHTukv7i,682,1,3,13
mdNEc4WpIV0ZEHTukv7i,682,2,4,13
4hZrl1ZcDaYcAhehnY41,683,1,3,13
4hZrl1ZcDaYcAhehnY41,683,2,4,13
rH7w5ClweFvZW3KAyvmF,701,1,3,13
rH7w5ClweFvZW3KAyvmF,701,2,4,13
aBohgvo1POZWh8RAhGmu,702,1,3,13
aBohgvo1POZWh8RAhGmu,702,2,4,13
qMQmzt3JYv87Ip2HRt7q,703,1,3,13
qMQmzt3JYv87Ip2HRt7q,703,2,4,13
GO73KoO49nMNVqdzhjNG,721,1,3,13
GO73KoO49nMNVqdzhjNG,721,2,4,13
F32G5XBSyo0ofR1AE1hD,722,1,3,13
F32G5XBSyo0ofR1AE1hD,722,2,4,13
FCLTMGREuOTkHnWJBSK2,723,1,3,13
FCLTMGREuOTkHnWJBSK2,723,2,4,13
IPxonO1hlqbFGPyZ3ONs,741,1,3,13
IPxonO1hlqbFGPyZ3ONs,741,2,4,13
giHyru04WHDU9Egm70Ev,742,1,3,13
giHyru04WHDU9Egm70Ev,742,2,4,13
8VwuAZUF8zgwVf1jxh4Z,743,1,3,13
8VwuAZUF8zgwVf1jxh4Z,743,2,4,13
3n3ZNe6E1F1aqsI7hUaF,761,1,3,13
3n3ZNe6E1F1aqsI7hUaF,761,2,4,13
pMJwds1IEgCDJxGRqlao,762,1,3,13
pMJwds1IEgCDJxGRqlao,762,2,4,13
KhG9GZd0aMLrEwBuAu1u,763,1,3,13
KhG9GZd0aMLrEwBuAu1u,763,2,4,13
w1V6WLe4eaNFOkh9Ock6,781,1,3,13
w1V6WLe4eaNFOkh9Ock6,781,2,4,13
RmkoBmKsYFW68QuynhYC,782,1,3,13
RmkoBmKsYFW68QuynhYC,782,2,4,13
FErc1gLxzn4dh3g104xS,783,1,3,13
FErc1gLxzn4dh3g104xS,783,2,4,13
