9XgU8nUeiT0FOXb3mxpR,6,1,13
9XgU8nUeiT0FOXb3mxpR,6,2,13
9XgU8nUeiT0FOXb3mxpR,6,3,13
9XgU8nUeiT0FOXb3mxpR,6,4,13
9XgU8nUeiT0FOXb3mxpR,6,5,13
jk0HqrqXzROTGU2SC2HA,12,1,13
jk0HqrqXzROTGU2SC2HA,12,2,13
jk0HqrqXzROTGU2SC2HA,12,3,13
jk0HqrqXzROTGU2SC2HA,12,4,13
jk0HqrqXzROTGU2SC2HA,12,5,13
CSJcO2ZYaFABonmbMknK,18,1,13
CSJcO2ZYaFABonmbMknK,18,2,13
CSJcO2ZYaFABonmbMknK,18,3,13
CSJcO2ZYaFABonmbMknK,18,4,13
CSJcO2ZYaFABonmbMknK,18,5,13
Qj9E10a7nDctY7Hy2dJZ,24,1,13
Qj9E10a7nDctY7Hy2dJZ,24,2,13
Qj9E10a7nDctY7Hy2dJZ,24,3,13
Qj9E10a7nDctY7Hy2dJZ,24,4,13
Qj9E10a7nDctY7Hy2dJZ,24,5,13
Gr1llDSVDEY83GqEj7wM,30,1,13
Gr1llDSVDEY83GqEj7wM,30,2,13
Gr1llDSVDEY83GqEj7wM,30,3,13
Gr1llDSVDEY83GqEj7wM,30,4,13
Gr1llDSVDEY83GqEj7wM,30,5,13
8GDeb8PkuUIvBITFMI0S,36,1,13
8GDeb8PkuUIvBITFMI0S,36,2,13
8GDeb8PkuUIvBITFMI0S,36,3,13
8GDeb8PkuUIvBITFMI0S,36,4,13
8GDeb8PkuUIvBITFMI0S,36,5,13
0hXG4BpuKhfNbUY1976Q,42,1,13
0hXG4BpuKhfNbUY1976Q,42,2,13
0hXG4BpuKhfNbUY1976Q,42,3,13
0hXG4BpuKhfNbUY1976Q,42,4,13
0hXG4BpuKhfNbUY1976Q,42,5,13
Sa1cWqtr5QShqDrzvqfU,48,1,13
Sa1cWqtr5QShqDrzvqfU,48,2,13
Sa1cWqtr5QShqDrzvqfU,48,3,13
Sa1cWqtr5QShqDrzvqfU,48,4,13
Sa1cWqtr5QShqDrzvqfU,48,5,13
jzbdH1akCwMDqKnPt5z4,54,1,13
jzbdH1akCwMDqKnPt5z4,54,2,13
jzbdH1akCwMDqKnPt5z4,54,3,13
jzbdH1akCwMDqKnPt5z4,54,4,13
jzbdH1akCwMDqKnPt5z4,54,5,13
ol0kech92D16P1zy1MhS,60,1,13
ol0kech92D16P1zy1MhS,60,2,13
ol0kech92D16P1zy1MhS,60,3,13
ol0kech92D16P1zy1MhS,60,4,13
ol0kech92D16P1zy1MhS,60,5,13
Y3rc2o2LbrmuyFPytTEZ,66,1,13
Y3rc2o2LbrmuyFPytTEZ,66,2,13
Y3rc2o2LbrmuyFPytTEZ,66,3,13
Y3rc2o2LbrmuyFPytTEZ,66,4,13
Y3rc2o2LbrmuyFPytTEZ,66,5,13
7YSwYsytlgTiTihk9DiX,72,1,13
7YSwYsytlgTiTihk9DiX,72,2,13
7YSwYsytlgTiTihk9DiX,72,3,13
7YSwYsytlgTiTihk9DiX,72,4,13
7YSwYsytlgTiTihk9DiX,72,5,13
x0hEKoIzDVBEoH8A6Km3,78,1,13
x0hEKoIzDVBEoH8A6Km3,78,2,13
x0hEKoIzDVBEoH8A6Km3,78,3,13
x0hEKoIzDVBEoH8A6Km3,78,4,13
x0hEKoIzDVBEoH8A6Km3,78,5,13
NgiIpizAfrrxzkMRiCjg,84,1,13
NgiIpizAfrrxzkMRiCjg,84,2,13
NgiIpizAfrrxzkMRiCjg,84,3,13
NgiIpizAfrrxzkMRiCjg,84,4,13
NgiIpizAfrrxzkMRiCjg,84,5,13
MhVVuWap6wGxkT97giuH,90,1,13
MhVVuWap6wGxkT97giuH,90,2,13
MhVVuWap6wGxkT97giuH,90,3,13
MhVVuWap6wGxkT97giuH,90,4,13
MhVVuWap6wGxkT97giuH,90,5,13
szNZni3yEaGuCDHkonAo,96,1,13
szNZni3yEaGuCDHkonAo,96,2,13
szNZni3yEaGuCDHkonAo,96,3,13
szNZni3yEaGuCDHkonAo,96,4,13
szNZni3yEaGuCDHkonAo,96,5,13
ZFbgWQ1ZS8GdjVPGgwYd,102,1,13
ZFbgWQ1ZS8GdjVPGgwYd,102,2,13
ZFbgWQ1ZS8GdjVPGgwYd,102,3,13
ZFbgWQ1ZS8GdjVPGgwYd,102,4,13
ZFbgWQ1ZS8GdjVPGgwYd,102,5,13
0VO4eaa0V9NhiX4fMZrc,108,1,13
0VO4eaa0V9NhiX4fMZrc,108,2,13
0VO4eaa0V9NhiX4fMZrc,108,3,13
0VO4eaa0V9NhiX4fMZrc,108,4,13
0VO4eaa0V9NhiX4fMZrc,108,5,13
xZGlyC7pOGKxXSShgfFZ,114,1,13
xZGlyC7pOGKxXSShgfFZ,114,2,13
xZGlyC7pOGKxXSShgfFZ,114,3,13
xZGlyC7pOGKxXSShgfFZ,114,4,13
xZGlyC7pOGKxXSShgfFZ,114,5,13
KpX94gk7RB5p8K1er7ud,120,1,13
KpX94gk7RB5p8K1er7ud,120,2,13
KpX94gk7RB5p8K1er7ud,120,3,13
KpX94gk7RB5p8K1er7ud,120,4,13
KpX94gk7RB5p8K1er7ud,120,5,13
D3VyYgiU6Vxkq8KC0kDn,126,1,13
D3VyYgiU6Vxkq8KC0kDn,126,2,13
D3VyYgiU6Vxkq8KC0kDn,126,3,13
D3VyYgiU6Vxkq8KC0kDn,126,4,13
D3VyYgiU6Vxkq8KC0kDn,126,5,13
dr2IhjpcGcd8WkEtkUuO,132,1,13
dr2IhjpcGcd8WkEtkUuO,132,2,13
dr2IhjpcGcd8WkEtkUuO,132,3,13
dr2IhjpcGcd8WkEtkUuO,132,4,13
dr2IhjpcGcd8WkEtkUuO,132,5,13
G1uy3NjpMnjm7BuB6xeH,138,1,13
G1uy3NjpMnjm7BuB6xeH,138,2,13
G1uy3NjpMnjm7BuB6xeH,138,3,13
G1uy3NjpMnjm7BuB6xeH,138,4,13
G1uy3NjpMnjm7BuB6xeH,138,5,13
0n332TIX2dsHMMaLE5wW,144,1,13
0n332TIX2dsHMMaLE5wW,144,2,13
0n332TIX2dsHMMaLE5wW,144,3,13
0n332TIX2dsHMMaLE5wW,144,4,13
0n332TIX2dsHMMaLE5wW,144,5,13
cvlwdApJX6wJyi7iCZ38,150,1,13
cvlwdApJX6wJyi7iCZ38,150,2,13
cvlwdApJX6wJyi7iCZ38,150,3,13
cvlwdApJX6wJyi7iCZ38,150,4,13
cvlwdApJX6wJyi7iCZ38,150,5,13
ZnD8pFWGsgahipPp4B2S,156,1,13
ZnD8pFWGsgahipPp4B2S,156,2,13
ZnD8pFWGsgahipPp4B2S,156,3,13
ZnD8pFWGsgahipPp4B2S,156,4,13
ZnD8pFWGsgahipPp4B2S,156,5,13
7ergDco49qQE9perjvAJ,162,1,13
7ergDco49qQE9perjvAJ,162,2,13
7ergDco49qQE9perjvAJ,162,3,13
7ergDco49qQE9perjvAJ,162,4,13
7ergDco49qQE9perjvAJ,162,5,13
yVzLiShO82kZGMFDc2nV,168,1,13
yVzLiShO82kZGMFDc2nV,168,2,13
yVzLiShO82kZGMFDc2nV,168,3,13
yVzLiShO82kZGMFDc2nV,168,4,13
yVzLiShO82kZGMFDc2nV,168,5,13
cAtiG0CqVXPYnEVhVYES,174,1,13
cAtiG0CqVXPYnEVhVYES,174,2,13
cAtiG0CqVXPYnEVhVYES,174,3,13
cAtiG0CqVXPYnEVhVYES,174,4,13
cAtiG0CqVXPYnEVhVYES,174,5,13
8i3sALrQQn6k0tw3LMyW,180,1,13
8i3sALrQQn6k0tw3LMyW,180,2,13
8i3sALrQQn6k0tw3LMyW,180,3,13
8i3sALrQQn6k0tw3LMyW,180,4,13
8i3sALrQQn6k0tw3LMyW,180,5,13
XRJBdUaMt0hvzi615gwo,186,1,13
XRJBdUaMt0hvzi615gwo,186,2,13
XRJBdUaMt0hvzi615gwo,186,3,13
XRJBdUaMt0hvzi615gwo,186,4,13
XRJBdUaMt0hvzi615gwo,186,5,13
vJOx1GpuG9U8FAHlggBJ,192,1,13
vJOx1GpuG9U8FAHlggBJ,192,2,13
vJOx1GpuG9U8FAHlggBJ,192,3,13
vJOx1GpuG9U8FAHlggBJ,192,4,13
vJOx1GpuG9U8FAHlggBJ,192,5,13
gVQIsN194YRc2SACBrRO,198,1,13
gVQIsN194YRc2SACBrRO,198,2,13
gVQIsN194YRc2SACBrRO,198,3,13
gVQIsN194YRc2SACBrRO,198,4,13
gVQIsN194YRc2SACBrRO,198,5,13
tc4ifrzBjwmOcTrPuqjx,204,1,13
tc4ifrzBjwmOcTrPuqjx,204,2,13
tc4ifrzBjwmOcTrPuqjx,204,3,13
tc4ifrzBjwmOcTrPuqjx,204,4,13
tc4ifrzBjwmOcTrPuqjx,204,5,13
N0HWpDRHps4TQMeaEQ2L,210,1,13
N0HWpDRHps4TQMeaEQ2L,210,2,13
N0HWpDRHps4TQMeaEQ2L,210,3,13
N0HWpDRHps4TQMeaEQ2L,210,4,13
N0HWpDRHps4TQMeaEQ2L,210,5,13
4SowHbhbZ6kRBHAw3UiC,216,1,13
4SowHbhbZ6kRBHAw3UiC,216,2,13
4SowHbhbZ6kRBHAw3UiC,216,3,13
4SowHbhbZ6kRBHAw3UiC,216,4,13
4SowHbhbZ6kRBHAw3UiC,216,5,13
caN10IbOAoWWQJUlDV9k,222,1,13
caN10IbOAoWWQJUlDV9k,222,2,13
caN10IbOAoWWQJUlDV9k,222,3,13
caN10IbOAoWWQJUlDV9k,222,4,13
caN10IbOAoWWQJUlDV9k,222,5,13
WTrdOd0KcZBRvp4IYgSK,228,1,13
WTrdOd0KcZBRvp4IYgSK,228,2,13
WTrdOd0KcZBRvp4IYgSK,228,3,13
WTrdOd0KcZBRvp4IYgSK,228,4,13
WTrdOd0KcZBRvp4IYgSK,228,5,13
NqnPBZbQrOEM93hEY5Y8,234,1,13
NqnPBZbQrOEM93hEY5Y8,234,2,13
NqnPBZbQrOEM93hEY5Y8,234,3,13
NqnPBZbQrOEM93hEY5Y8,234,4,13
NqnPBZbQrOEM93hEY5Y8,234,5,13
Bc3OYoQ2DocTwvOXEMwk,240,1,13
Bc3OYoQ2DocTwvOXEMwk,240,2,13
Bc3OYoQ2DocTwvOXEMwk,240,3,13
Bc3OYoQ2DocTwvOXEMwk,240,4,13
Bc3OYoQ2DocTwvOXEMwk,240,5,13
FMbVWtWJNSsHgkdMccik,246,1,13
FMbVWtWJNSsHgkdMccik,246,2,13
FMbVWtWJNSsHgkdMccik,246,3,13
FMbVWtWJNSsHgkdMccik,246,4,13
FMbVWtWJNSsHgkdMccik,246,5,13
3uMf4NwKUNh9dwpEC6Xr,252,1,13
3uMf4NwKUNh9dwpEC6Xr,252,2,13
3uMf4NwKUNh9dwpEC6Xr,252,3,13
3uMf4NwKUNh9dwpEC6Xr,252,4,13
3uMf4NwKUNh9dwpEC6Xr,252,5,13
OPOcRobhfY0fna1mzu39,258,1,13
OPOcRobhfY0fna1mzu39,258,2,13
OPOcRobhfY0fna1mzu39,258,3,13
OPOcRobhfY0fna1mzu39,258,4,13
OPOcRobhfY0fna1mzu39,258,5,13
GZn9E7pCPiYrMDSXrnmj,264,1,13
GZn9E7pCPiYrMDSXrnmj,264,2,13
GZn9E7pCPiYrMDSXrnmj,264,3,13
GZn9E7pCPiYrMDSXrnmj,264,4,13
GZn9E7pCPiYrMDSXrnmj,264,5,13
l8GtNFZb2lKxPcf0NIaQ,270,1,13
l8GtNFZb2lKxPcf0NIaQ,270,2,13
l8GtNFZb2lKxPcf0NIaQ,270,3,13
l8GtNFZb2lKxPcf0NIaQ,270,4,13
l8GtNFZb2lKxPcf0NIaQ,270,5,13
oA6xFYBBxPlgA0vsC7Qc,276,1,13
oA6xFYBBxPlgA0vsC7Qc,276,2,13
oA6xFYBBxPlgA0vsC7Qc,276,3,13
oA6xFYBBxPlgA0vsC7Qc,276,4,13
oA6xFYBBxPlgA0vsC7Qc,276,5,13
4J9fmxV4hImxfojDINDP,282,1,13
4J9fmxV4hImxfojDINDP,282,2,13
4J9fmxV4hImxfojDINDP,282,3,13
4J9fmxV4hImxfojDINDP,282,4,13
4J9fmxV4hImxfojDINDP,282,5,13
5ZuoJDsrDWtw62mdjT16,288,1,13
5ZuoJDsrDWtw62mdjT16,288,2,13
5ZuoJDsrDWtw62mdjT16,288,3,13
5ZuoJDsrDWtw62mdjT16,288,4,13
5ZuoJDsrDWtw62mdjT16,288,5,13
rKI2HXha84zVw31qYHBR,294,1,13
rKI2HXha84zVw31qYHBR,294,2,13
rKI2HXha84zVw31qYHBR,294,3,13
rKI2HXha84zVw31qYHBR,294,4,13
rKI2HXha84zVw31qYHBR,294,5,13
s24txK3ev7y7IfovkbfQ,300,1,13
s24txK3ev7y7IfovkbfQ,300,2,13
s24txK3ev7y7IfovkbfQ,300,3,13
s24txK3ev7y7IfovkbfQ,300,4,13
s24txK3ev7y7IfovkbfQ,300,5,13
et0Xud1yPPO1RNmeV7qO,306,1,13
et0Xud1yPPO1RNmeV7qO,306,2,13
et0Xud1yPPO1RNmeV7qO,306,3,13
et0Xud1yPPO1RNmeV7qO,306,4,13
et0Xud1yPPO1RNmeV7qO,306,5,13
ia6TVqrFX9qh6JRt0TPl,312,1,13
ia6TVqrFX9qh6JRt0TPl,312,2,13
ia6TVqrFX9qh6JRt0TPl,312,3,13
ia6TVqrFX9qh6JRt0TPl,312,4,13
ia6TVqrFX9qh6JRt0TPl,312,5,13
EwSZatbn7LpYPT1Jj0wg,318,1,13
EwSZatbn7LpYPT1Jj0wg,318,2,13
EwSZatbn7LpYPT1Jj0wg,318,3,13
EwSZatbn7LpYPT1Jj0wg,318,4,13
EwSZatbn7LpYPT1Jj0wg,318,5,13
upCbmHcou8nCtLNT1V9K,324,1,13
upCbmHcou8nCtLNT1V9K,324,2,13
upCbmHcou8nCtLNT1V9K,324,3,13
upCbmHcou8nCtLNT1V9K,324,4,13
upCbmHcou8nCtLNT1V9K,324,5,13
AgztzvAFsx0CA36NZr2a,330,1,13
AgztzvAFsx0CA36NZr2a,330,2,13
AgztzvAFsx0CA36NZr2a,330,3,13
AgztzvAFsx0CA36NZr2a,330,4,13
AgztzvAFsx0CA36NZr2a,330,5,13
SX6KBdulgYGhOyw4BqZ8,336,1,13
SX6KBdulgYGhOyw4BqZ8,336,2,13
SX6KBdulgYGhOyw4BqZ8,336,3,13
SX6KBdulgYGhOyw4BqZ8,336,4,13
SX6KBdulgYGhOyw4BqZ8,336,5,13
aBWOi62qqeJGor5fOBmL,342,1,13
aBWOi62qqeJGor5fOBmL,342,2,13
aBWOi62qqeJGor5fOBmL,342,3,13
aBWOi62qqeJGor5fOBmL,342,4,13
aBWOi62qqeJGor5fOBmL,342,5,13
E8XcBKTsMdClc6CPSQz4,348,1,13
E8XcBKTsMdClc6CPSQz4,348,2,13
E8XcBKTsMdClc6CPSQz4,348,3,13
E8XcBKTsMdClc6CPSQz4,348,4,13
E8XcBKTsMdClc6CPSQz4,348,5,13
4s9kMxoDDGIKOPUGL4h9,354,1,13
4s9kMxoDDGIKOPUGL4h9,354,2,13
4s9kMxoDDGIKOPUGL4h9,354,3,13
4s9kMxoDDGIKOPUGL4h9,354,4,13
4s9kMxoDDGIKOPUGL4h9,354,5,13
6knyC6A8Qte4nM0z6C46,360,1,13
6knyC6A8Qte4nM0z6C46,360,2,13
6knyC6A8Qte4nM0z6C46,360,3,13
6knyC6A8Qte4nM0z6C46,360,4,13
6knyC6A8Qte4nM0z6C46,360,5,13
dQTzaYmf43iHcVzhPX2F,366,1,13
dQTzaYmf43iHcVzhPX2F,366,2,13
dQTzaYmf43iHcVzhPX2F,366,3,13
dQTzaYmf43iHcVzhPX2F,366,4,13
dQTzaYmf43iHcVzhPX2F,366,5,13
a6gRYxXLm1Ta1Ta4dzNQ,372,1,13
a6gRYxXLm1Ta1Ta4dzNQ,372,2,13
a6gRYxXLm1Ta1Ta4dzNQ,372,3,13
a6gRYxXLm1Ta1Ta4dzNQ,372,4,13
a6gRYxXLm1Ta1Ta4dzNQ,372,5,13
F081Xk5NqfIBX44ogOOc,378,1,13
F081Xk5NqfIBX44ogOOc,378,2,13
F081Xk5NqfIBX44ogOOc,378,3,13
F081Xk5NqfIBX44ogOOc,378,4,13
F081Xk5NqfIBX44ogOOc,378,5,13
J8Ygbxp4XcwKcW21V5CZ,384,1,13
J8Ygbxp4XcwKcW21V5CZ,384,2,13
J8Ygbxp4XcwKcW21V5CZ,384,3,13
J8Ygbxp4XcwKcW21V5CZ,384,4,13
J8Ygbxp4XcwKcW21V5CZ,384,5,13
GKmfONKARBoLC3SE979o,390,1,13
GKmfONKARBoLC3SE979o,390,2,13
GKmfONKARBoLC3SE979o,390,3,13
GKmfONKARBoLC3SE979o,390,4,13
GKmfONKARBoLC3SE979o,390,5,13
nW6SFFCz75db2EdJuqAG,396,1,13
nW6SFFCz75db2EdJuqAG,396,2,13
nW6SFFCz75db2EdJuqAG,396,3,13
nW6SFFCz75db2EdJuqAG,396,4,13
nW6SFFCz75db2EdJuqAG,396,5,13
wR9VCGeA42HgkYkvEufr,402,1,13
wR9VCGeA42HgkYkvEufr,402,2,13
wR9VCGeA42HgkYkvEufr,402,3,13
wR9VCGeA42HgkYkvEufr,402,4,13
wR9VCGeA42HgkYkvEufr,402,5,13
WD6lALtYU2VEwJqvkGYH,408,1,13
WD6lALtYU2VEwJqvkGYH,408,2,13
WD6lALtYU2VEwJqvkGYH,408,3,13
WD6lALtYU2VEwJqvkGYH,408,4,13
WD6lALtYU2VEwJqvkGYH,408,5,13
ueMpxRIhjrWB5ZJ304MT,414,1,13
ueMpxRIhjrWB5ZJ304MT,414,2,13
ueMpxRIhjrWB5ZJ304MT,414,3,13
ueMpxRIhjrWB5ZJ304MT,414,4,13
ueMpxRIhjrWB5ZJ304MT,414,5,13
j1fBNI7Xbq0pa7ksuA8b,420,1,13
j1fBNI7Xbq0pa7ksuA8b,420,2,13
j1fBNI7Xbq0pa7ksuA8b,420,3,13
j1fBNI7Xbq0pa7ksuA8b,420,4,13
j1fBNI7Xbq0pa7ksuA8b,420,5,13
CntadB64pW4PLDeneD9w,426,1,13
CntadB64pW4PLDeneD9w,426,2,13
CntadB64pW4PLDeneD9w,426,3,13
CntadB64pW4PLDeneD9w,426,4,13
CntadB64pW4PLDeneD9w,426,5,13
aOI3gQhC0tlyg4V1sJ5I,432,1,13
aOI3gQhC0tlyg4V1sJ5I,432,2,13
aOI3gQhC0tlyg4V1sJ5I,432,3,13
aOI3gQhC0tlyg4V1sJ5I,432,4,13
aOI3gQhC0tlyg4V1sJ5I,432,5,13
HDfIhgAYgK6jFJv0etD8,438,1,13
HDfIhgAYgK6jFJv0etD8,438,2,13
HDfIhgAYgK6jFJv0etD8,438,3,13
HDfIhgAYgK6jFJv0etD8,438,4,13
HDfIhgAYgK6jFJv0etD8,438,5,13
GqgCaKUi9TTxrkguRZ1u,444,1,13
GqgCaKUi9TTxrkguRZ1u,444,2,13
GqgCaKUi9TTxrkguRZ1u,444,3,13
GqgCaKUi9TTxrkguRZ1u,444,4,13
GqgCaKUi9TTxrkguRZ1u,444,5,13
a9XFeN1QbZFgJ2Nwt5pw,450,1,13
a9XFeN1QbZFgJ2Nwt5pw,450,2,13
a9XFeN1QbZFgJ2Nwt5pw,450,3,13
a9XFeN1QbZFgJ2Nwt5pw,450,4,13
a9XFeN1QbZFgJ2Nwt5pw,450,5,13
uIzS998t94ZWppRSvD0B,456,1,13
uIzS998t94ZWppRSvD0B,456,2,13
uIzS998t94ZWppRSvD0B,456,3,13
uIzS998t94ZWppRSvD0B,456,4,13
uIzS998t94ZWppRSvD0B,456,5,13
OKq2ot1tg9C8DkKJJgbs,462,1,13
OKq2ot1tg9C8DkKJJgbs,462,2,13
OKq2ot1tg9C8DkKJJgbs,462,3,13
OKq2ot1tg9C8DkKJJgbs,462,4,13
OKq2ot1tg9C8DkKJJgbs,462,5,13
YCPD7TjelIEXAdDnZGVo,468,1,13
YCPD7TjelIEXAdDnZGVo,468,2,13
YCPD7TjelIEXAdDnZGVo,468,3,13
YCPD7TjelIEXAdDnZGVo,468,4,13
YCPD7TjelIEXAdDnZGVo,468,5,13
35ZYuMrdlaSfxbvz6ykz,474,1,13
35ZYuMrdlaSfxbvz6ykz,474,2,13
35ZYuMrdlaSfxbvz6ykz,474,3,13
35ZYuMrdlaSfxbvz6ykz,474,4,13
35ZYuMrdlaSfxbvz6ykz,474,5,13
p7XZqN6Yu6fdDPFUDw9r,480,1,13
p7XZqN6Yu6fdDPFUDw9r,480,2,13
p7XZqN6Yu6fdDPFUDw9r,480,3,13
p7XZqN6Yu6fdDPFUDw9r,480,4,13
p7XZqN6Yu6fdDPFUDw9r,480,5,13
Ot04B2Zjfbbqql8oNCqZ,486,1,13
Ot04B2Zjfbbqql8oNCqZ,486,2,13
Ot04B2Zjfbbqql8oNCqZ,486,3,13
Ot04B2Zjfbbqql8oNCqZ,486,4,13
Ot04B2Zjfbbqql8oNCqZ,486,5,13
dWHpCoezYcAF9dQxu1pI,492,1,13
dWHpCoezYcAF9dQxu1pI,492,2,13
dWHpCoezYcAF9dQxu1pI,492,3,13
dWHpCoezYcAF9dQxu1pI,492,4,13
dWHpCoezYcAF9dQxu1pI,492,5,13
Sb9R9OBjTcz8T8g9v3Cq,498,1,13
Sb9R9OBjTcz8T8g9v3Cq,498,2,13
Sb9R9OBjTcz8T8g9v3Cq,498,3,13
Sb9R9OBjTcz8T8g9v3Cq,498,4,13
Sb9R9OBjTcz8T8g9v3Cq,498,5,13
sDzKbF1xVxn1yIoqmDLf,504,1,13
sDzKbF1xVxn1yIoqmDLf,504,2,13
sDzKbF1xVxn1yIoqmDLf,504,3,13
sDzKbF1xVxn1yIoqmDLf,504,4,13
sDzKbF1xVxn1yIoqmDLf,504,5,13
ysfkbB9mnpvYYErTnzK8,510,1,13
ysfkbB9mnpvYYErTnzK8,510,2,13
ysfkbB9mnpvYYErTnzK8,510,3,13
ysfkbB9mnpvYYErTnzK8,510,4,13
ysfkbB9mnpvYYErTnzK8,510,5,13
qdw75OuRDz5ahC3rKfEH,516,1,13
qdw75OuRDz5ahC3rKfEH,516,2,13
qdw75OuRDz5ahC3rKfEH,516,3,13
qdw75OuRDz5ahC3rKfEH,516,4,13
qdw75OuRDz5ahC3rKfEH,516,5,13
gpGhG29pJKwCcmpMJtO9,522,1,13
gpGhG29pJKwCcmpMJtO9,522,2,13
gpGhG29pJKwCcmpMJtO9,522,3,13
gpGhG29pJKwCcmpMJtO9,522,4,13
gpGhG29pJKwCcmpMJtO9,522,5,13
iMMmoHshVxWDCOscS2u4,528,1,13
iMMmoHshVxWDCOscS2u4,528,2,13
iMMmoHshVxWDCOscS2u4,528,3,13
iMMmoHshVxWDCOscS2u4,528,4,13
iMMmoHshVxWDCOscS2u4,528,5,13
DM7COsN7QTPFSWW5Gffk,534,1,13
DM7COsN7QTPFSWW5Gffk,534,2,13
DM7COsN7QTPFSWW5Gffk,534,3,13
DM7COsN7QTPFSWW5Gffk,534,4,13
DM7COsN7QTPFSWW5Gffk,534,5,13
ikig8msbCU4gkqnS3IXV,540,1,13
ikig8msbCU4gkqnS3IXV,540,2,13
ikig8msbCU4gkqnS3IXV,540,3,13
ikig8msbCU4gkqnS3IXV,540,4,13
ikig8msbCU4gkqnS3IXV,540,5,13
