ptma7Ig7k8uLucZLRzQG,4,1,13
ptma7Ig7k8uLucZLRzQG,4,2,13
ptma7Ig7k8uLucZLRzQG,4,3,13
ptma7Ig7k8uLucZLRzQG,4,4,13
ptma7Ig7k8uLucZLRzQG,4,5,13
ptma7Ig7k8uLucZLRzQG,10,1,13
ptma7Ig7k8uLucZLRzQG,10,2,13
ptma7Ig7k8uLucZLRzQG,10,3,13
ptma7Ig7k8uLucZLRzQG,10,4,13
ptma7Ig7k8uLucZLRzQG,10,5,13
BuWteUAH79z55fX9SP9J,16,1,13
BuWteUAH79z55fX9SP9J,16,2,13
BuWteUAH79z55fX9SP9J,16,3,13
BuWteUAH79z55fX9SP9J,16,4,13
BuWteUAH79z55fX9SP9J,16,5,13
BuWteUAH79z55fX9SP9J,22,1,13
BuWteUAH79z55fX9SP9J,22,2,13
BuWteUAH79z55fX9SP9J,22,3,13
BuWteUAH79z55fX9SP9J,22,4,13
BuWteUAH79z55fX9SP9J,22,5,13
Vx5FJ1Yz8XDEKzkxoU9c,28,1,13
Vx5FJ1Yz8XDEKzkxoU9c,28,2,13
Vx5FJ1Yz8XDEKzkxoU9c,28,3,13
Vx5FJ1Yz8XDEKzkxoU9c,28,4,13
Vx5FJ1Yz8XDEKzkxoU9c,28,5,13
Vx5FJ1Yz8XDEKzkxoU9c,34,1,13
Vx5FJ1Yz8XDEKzkxoU9c,34,2,13
Vx5FJ1Yz8XDEKzkxoU9c,34,3,13
Vx5FJ1Yz8XDEKzkxoU9c,34,4,13
Vx5FJ1Yz8XDEKzkxoU9c,34,5,13
RVUPq5VYQbMx4DvsoMwx,40,1,13
RVUPq5VYQbMx4DvsoMwx,40,2,13
RVUPq5VYQbMx4DvsoMwx,40,3,13
RVUPq5VYQbMx4DvsoMwx,40,4,13
RVUPq5VYQbMx4DvsoMwx,40,5,13
RVUPq5VYQbMx4DvsoMwx,46,1,13
RVUPq5VYQbMx4DvsoMwx,46,2,13
RVUPq5VYQbMx4DvsoMwx,46,3,13
RVUPq5VYQbMx4DvsoMwx,46,4,13
RVUPq5VYQbMx4DvsoMwx,46,5,13
GK92xEKrHFhEehjlsJGH,52,1,13
GK92xEKrHFhEehjlsJGH,52,2,13
GK92xEKrHFhEehjlsJGH,52,3,13
GK92xEKrHFhEehjlsJGH,52,4,13
GK92xEKrHFhEehjlsJGH,52,5,13
GK92xEKrHFhEehjlsJGH,58,1,13
GK92xEKrHFhEehjlsJGH,58,2,13
GK92xEKrHFhEehjlsJGH,58,3,13
GK92xEKrHFhEehjlsJGH,58,4,13
GK92xEKrHFhEehjlsJGH,58,5,13
76LPbX0llbrUAGOXF4Yu,64,1,13
76LPbX0llbrUAGOXF4Yu,64,2,13
76LPbX0llbrUAGOXF4Yu,64,3,13
76LPbX0llbrUAGOXF4Yu,64,4,13
76LPbX0llbrUAGOXF4Yu,64,5,13
76LPbX0llbrUAGOXF4Yu,70,1,13
76LPbX0llbrUAGOXF4Yu,70,2,13
76LPbX0llbrUAGOXF4Yu,70,3,13
76LPbX0llbrUAGOXF4Yu,70,4,13
76LPbX0llbrUAGOXF4Yu,70,5,13
83f7GT441z0Jr5j1J1Eo,76,1,13
83f7GT441z0Jr5j1J1Eo,76,2,13
83f7GT441z0Jr5j1J1Eo,76,3,13
83f7GT441z0Jr5j1J1Eo,76,4,13
83f7GT441z0Jr5j1J1Eo,76,5,13
83f7GT441z0Jr5j1J1Eo,82,1,13
83f7GT441z0Jr5j1J1Eo,82,2,13
83f7GT441z0Jr5j1J1Eo,82,3,13
83f7GT441z0Jr5j1J1Eo,82,4,13
83f7GT441z0Jr5j1J1Eo,82,5,13
rkBCNJHfTnIaUjpmuBgi,88,1,13
rkBCNJHfTnIaUjpmuBgi,88,2,13
rkBCNJHfTnIaUjpmuBgi,88,3,13
rkBCNJHfTnIaUjpmuBgi,88,4,13
rkBCNJHfTnIaUjpmuBgi,88,5,13
rkBCNJHfTnIaUjpmuBgi,94,1,13
rkBCNJHfTnIaUjpmuBgi,94,2,13
rkBCNJHfTnIaUjpmuBgi,94,3,13
rkBCNJHfTnIaUjpmuBgi,94,4,13
rkBCNJHfTnIaUjpmuBgi,94,5,13
z4ZHbESJgB3zrbedRwCf,100,1,13
z4ZHbESJgB3zrbedRwCf,100,2,13
z4ZHbESJgB3zrbedRwCf,100,3,13
z4ZHbESJgB3zrbedRwCf,100,4,13
z4ZHbESJgB3zrbedRwCf,100,5,13
z4ZHbESJgB3zrbedRwCf,106,1,13
z4ZHbESJgB3zrbedRwCf,106,2,13
z4ZHbESJgB3zrbedRwCf,106,3,13
z4ZHbESJgB3zrbedRwCf,106,4,13
z4ZHbESJgB3zrbedRwCf,106,5,13
cKN8Zmgb7fx1s3MaC87K,112,1,13
cKN8Zmgb7fx1s3MaC87K,112,2,13
cKN8Zmgb7fx1s3MaC87K,112,3,13
cKN8Zmgb7fx1s3MaC87K,112,4,13
cKN8Zmgb7fx1s3MaC87K,112,5,13
cKN8Zmgb7fx1s3MaC87K,118,1,13
cKN8Zmgb7fx1s3MaC87K,118,2,13
cKN8Zmgb7fx1s3MaC87K,118,3,13
cKN8Zmgb7fx1s3MaC87K,118,4,13
cKN8Zmgb7fx1s3MaC87K,118,5,13
70Nu5w4XvILUMCJI6CtM,124,1,13
70Nu5w4XvILUMCJI6CtM,124,2,13
70Nu5w4XvILUMCJI6CtM,124,3,13
70Nu5w4XvILUMCJI6CtM,124,4,13
70Nu5w4XvILUMCJI6CtM,124,5,13
70Nu5w4XvILUMCJI6CtM,130,1,13
70Nu5w4XvILUMCJI6CtM,130,2,13
70Nu5w4XvILUMCJI6CtM,130,3,13
70Nu5w4XvILUMCJI6CtM,130,4,13
70Nu5w4XvILUMCJI6CtM,130,5,13
CmfR5kH9nlL8NNrlIzdm,136,1,13
CmfR5kH9nlL8NNrlIzdm,136,2,13
CmfR5kH9nlL8NNrlIzdm,136,3,13
CmfR5kH9nlL8NNrlIzdm,136,4,13
CmfR5kH9nlL8NNrlIzdm,136,5,13
CmfR5kH9nlL8NNrlIzdm,142,1,13
CmfR5kH9nlL8NNrlIzdm,142,2,13
CmfR5kH9nlL8NNrlIzdm,142,3,13
CmfR5kH9nlL8NNrlIzdm,142,4,13
CmfR5kH9nlL8NNrlIzdm,142,5,13
PQlcdVtIpwXSnaSGFh6s,148,1,13
PQlcdVtIpwXSnaSGFh6s,148,2,13
PQlcdVtIpwXSnaSGFh6s,148,3,13
PQlcdVtIpwXSnaSGFh6s,148,4,13
PQlcdVtIpwXSnaSGFh6s,148,5,13
PQlcdVtIpwXSnaSGFh6s,154,1,13
PQlcdVtIpwXSnaSGFh6s,154,2,13
PQlcdVtIpwXSnaSGFh6s,154,3,13
PQlcdVtIpwXSnaSGFh6s,154,4,13
PQlcdVtIpwXSnaSGFh6s,154,5,13
4XBtOv1g4iLxUygUxcFH,160,1,13
4XBtOv1g4iLxUygUxcFH,160,2,13
4XBtOv1g4iLxUygUxcFH,160,3,13
4XBtOv1g4iLxUygUxcFH,160,4,13
4XBtOv1g4iLxUygUxcFH,160,5,13
4XBtOv1g4iLxUygUxcFH,166,1,13
4XBtOv1g4iLxUygUxcFH,166,2,13
4XBtOv1g4iLxUygUxcFH,166,3,13
4XBtOv1g4iLxUygUxcFH,166,4,13
4XBtOv1g4iLxUygUxcFH,166,5,13
VpaGAsUEEsskfzlq3v3T,172,1,13
VpaGAsUEEsskfzlq3v3T,172,2,13
VpaGAsUEEsskfzlq3v3T,172,3,13
VpaGAsUEEsskfzlq3v3T,172,4,13
VpaGAsUEEsskfzlq3v3T,172,5,13
VpaGAsUEEsskfzlq3v3T,178,1,13
VpaGAsUEEsskfzlq3v3T,178,2,13
VpaGAsUEEsskfzlq3v3T,178,3,13
VpaGAsUEEsskfzlq3v3T,178,4,13
VpaGAsUEEsskfzlq3v3T,178,5,13
