QgT5GRFbRze3Bb9UyZdb,338,2,13,15378
QgT5GRFbRze3Bb9UyZdb,338,3,13,15395
QgT5GRFbRze3Bb9UyZdb,338,4,13,15073
QgT5GRFbRze3Bb9UyZdb,338,5,13,15242
4A7yOR6BBSjCynIAf8dv,357,1,13,35872
4A7yOR6BBSjCynIAf8dv,357,2,13,14605
4A7yOR6BBSjCynIAf8dv,357,3,13,14491
4A7yOR6BBSjCynIAf8dv,357,4,13,15023
4A7yOR6BBSjCynIAf8dv,357,5,13,14889
4A7yOR6BBSjCynIAf8dv,358,1,13,38143
4A7yOR6BBSjCynIAf8dv,358,2,13,15681
4A7yOR6BBSjCynIAf8dv,358,3,13,15567
4A7yOR6BBSjCynIAf8dv,358,4,13,16111
4A7yOR6BBSjCynIAf8dv,358,5,13,15936
diQADbuWceaLuAaSS6NR,377,1,13,36874
diQADbuWceaLuAaSS6NR,377,2,13,15036
diQADbuWceaLuAaSS6NR,377,3,13,15062
diQADbuWceaLuAaSS6NR,377,4,13,15580
diQADbuWceaLuAaSS6NR,377,5,13,15850
diQADbuWceaLuAaSS6NR,378,1,13,39195
diQADbuWceaLuAaSS6NR,378,2,13,16152
diQADbuWceaLuAaSS6NR,378,3,13,16151
diQADbuWceaLuAaSS6NR,378,4,13,16866
diQADbuWceaLuAaSS6NR,378,5,13,17012
DbXSqYAXjgSmnSB9MuAr,397,1,13,37364
DbXSqYAXjgSmnSB9MuAr,397,2,13,15745
DbXSqYAXjgSmnSB9MuAr,397,3,13,16256
DbXSqYAXjgSmnSB9MuAr,397,4,13,16225
DbXSqYAXjgSmnSB9MuAr,397,5,13,16364
DbXSqYAXjgSmnSB9MuAr,398,1,13,39465
DbXSqYAXjgSmnSB9MuAr,398,2,13,16861
DbXSqYAXjgSmnSB9MuAr,398,3,13,17272
DbXSqYAXjgSmnSB9MuAr,398,4,13,17256
DbXSqYAXjgSmnSB9MuAr,398,5,13,17375
lyHWcSjuxkIxcyE1MUJL,417,1,13,38279
lyHWcSjuxkIxcyE1MUJL,417,2,13,16890
lyHWcSjuxkIxcyE1MUJL,417,3,13,16349
lyHWcSjuxkIxcyE1MUJL,417,4,13,16679
lyHWcSjuxkIxcyE1MUJL,417,5,13,16951
lyHWcSjuxkIxcyE1MUJL,418,1,13,40503
lyHWcSjuxkIxcyE1MUJL,418,2,13,17973
lyHWcSjuxkIxcyE1MUJL,418,3,13,17475
lyHWcSjuxkIxcyE1MUJL,418,4,13,17693
lyHWcSjuxkIxcyE1MUJL,418,5,13,18057
qTqSjcWhYjuynViyjwky,437,1,13,39140
qTqSjcWhYjuynViyjwky,437,2,13,17454
qTqSjcWhYjuynViyjwky,437,3,13,17444
qTqSjcWhYjuynViyjwky,437,4,13,17003
qTqSjcWhYjuynViyjwky,437,5,13,16981
qTqSjcWhYjuynViyjwky,438,1,13,41371
qTqSjcWhYjuynViyjwky,438,2,13,18683
qTqSjcWhYjuynViyjwky,438,3,13,18476
qTqSjcWhYjuynViyjwky,438,4,13,18111
qTqSjcWhYjuynViyjwky,438,5,13,18129
Cl4kdVIdEjTpOqGDj8BM,457,1,13,39165
Cl4kdVIdEjTpOqGDj8BM,457,2,13,17783
Cl4kdVIdEjTpOqGDj8BM,457,3,13,17018
Cl4kdVIdEjTpOqGDj8BM,457,4,13,17663
Cl4kdVIdEjTpOqGDj8BM,457,5,13,17603
Cl4kdVIdEjTpOqGDj8BM,458,1,13,41405
Cl4kdVIdEjTpOqGDj8BM,458,2,13,18850
Cl4kdVIdEjTpOqGDj8BM,458,3,13,18102
Cl4kdVIdEjTpOqGDj8BM,458,4,13,18782
Cl4kdVIdEjTpOqGDj8BM,458,5,13,18704
NqEXrcZibe0Sv22VSOoJ,477,1,13,39137
NqEXrcZibe0Sv22VSOoJ,477,2,13,18265
NqEXrcZibe0Sv22VSOoJ,477,3,13,17944
NqEXrcZibe0Sv22VSOoJ,477,4,13,18336
NqEXrcZibe0Sv22VSOoJ,477,5,13,18421
NqEXrcZibe0Sv22VSOoJ,478,1,13,41508
NqEXrcZibe0Sv22VSOoJ,478,2,13,19254
NqEXrcZibe0Sv22VSOoJ,478,3,13,19068
NqEXrcZibe0Sv22VSOoJ,478,4,13,19370
NqEXrcZibe0Sv22VSOoJ,478,5,13,19455
WmqtSiSZJD7Crlrm3CxX,497,1,13,39767
WmqtSiSZJD7Crlrm3CxX,497,2,13,19126
WmqtSiSZJD7Crlrm3CxX,497,3,13,18814
WmqtSiSZJD7Crlrm3CxX,497,4,13,18537
WmqtSiSZJD7Crlrm3CxX,497,5,13,18378
WmqtSiSZJD7Crlrm3CxX,498,1,13,41960
WmqtSiSZJD7Crlrm3CxX,498,2,13,20133
WmqtSiSZJD7Crlrm3CxX,498,3,13,19913
WmqtSiSZJD7Crlrm3CxX,498,4,13,19602
