rQaiVt68mCYVjcrsDaf6,2731,4,3,13
TnHxwLkeSKThLKUerQYa,2732,2,1,13
TnHxwLkeSKThLKUerQYa,2732,4,3,13
3TwBEjkeg1i0XbZP4yfd,2733,2,1,13
3TwBEjkeg1i0XbZP4yfd,2733,4,3,13
nd8m3RXmt7cNIRlCJmnY,2734,2,1,13
nd8m3RXmt7cNIRlCJmnY,2734,4,3,13
GgWI15sCBcT0EZfXdgnb,2744,2,1,13
GgWI15sCBcT0EZfXdgnb,2744,4,3,13
9mnreTbVYCMIzB76xJ2y,2745,2,1,13
9mnreTbVYCMIzB76xJ2y,2745,4,3,13
bWBbN5IzG9QW21C8dqJg,2746,2,1,13
bWBbN5IzG9QW21C8dqJg,2746,4,3,13
ZN9Z3yRRgR0jkaTIVtmN,2747,2,1,13
ZN9Z3yRRgR0jkaTIVtmN,2747,4,3,13
cLWH39uZJ4jm7AaHVKg9,2748,2,1,13
cLWH39uZJ4jm7AaHVKg9,2748,4,3,13
qAdUEHoaupBvrklQAD7v,2749,2,1,13
qAdUEHoaupBvrklQAD7v,2749,4,3,13
iKCZ1OVBab2o8L2rHuEj,2750,2,1,13
iKCZ1OVBab2o8L2rHuEj,2750,4,3,13
3SsgqXlOyNG5MturebPJ,2751,2,1,13
3SsgqXlOyNG5MturebPJ,2751,4,3,13
lqDvWg84qdr71E1ckymA,2752,2,1,13
lqDvWg84qdr71E1ckymA,2752,4,3,13
EwXQ5KCmP06XUAbqORT3,2753,2,1,13
EwXQ5KCmP06XUAbqORT3,2753,4,3,13
oHZxXYzAiQaQXaw9tKXP,2754,2,1,13
oHZxXYzAiQaQXaw9tKXP,2754,4,3,13
AgqYGE7C626ZqcCVRmJb,2764,2,1,13
AgqYGE7C626ZqcCVRmJb,2764,4,3,13
ttngX95LNGP6XkAb33g5,2765,2,1,13
ttngX95LNGP6XkAb33g5,2765,4,3,13
3rE6QCe39g0UEpll35qI,2766,2,1,13
3rE6QCe39g0UEpll35qI,2766,4,3,13
Web3dpB1Fr4ookIOcZjN,2767,2,1,13
Web3dpB1Fr4ookIOcZjN,2767,4,3,13
i5mqjpux6D3fnDa6hJxH,2768,2,1,13
i5mqjpux6D3fnDa6hJxH,2768,4,3,13
irRop7DmSdpEHiE5yVYN,2769,2,1,13
irRop7DmSdpEHiE5yVYN,2769,4,3,13
2jZ8hMr5mG1yM9RDUrCR,2770,2,1,13
2jZ8hMr5mG1yM9RDUrCR,2770,4,3,13
kEjwiAQolUMGnjwiuHdz,2771,2,1,13
kEjwiAQolUMGnjwiuHdz,2771,4,3,13
mGjbHctRWyjr0Q5XGcfR,2772,2,1,13
mGjbHctRWyjr0Q5XGcfR,2772,4,3,13
YUd5e0guIAgPO7RgN0S1,2773,2,1,13
YUd5e0guIAgPO7RgN0S1,2773,4,3,13
M6ijnz0dYOWeADcFG1R1,2774,2,1,13
M6ijnz0dYOWeADcFG1R1,2774,4,3,13
gCRfJI0myWtPuMWw67Q1,2784,2,1,13
gCRfJI0myWtPuMWw67Q1,2784,4,3,13
R66qzslkspGHE0hPg6ZS,2785,2,1,13
R66qzslkspGHE0hPg6ZS,2785,4,3,13
5Ic2q4Tr2qrHawvtt4zT,2786,2,1,13
5Ic2q4Tr2qrHawvtt4zT,2786,4,3,13
999UrPLpdQFwYgGA4DES,2787,2,1,13
999UrPLpdQFwYgGA4DES,2787,4,3,13
MvZ8nJ0PRWBjlyen3YqH,2788,2,1,13
MvZ8nJ0PRWBjlyen3YqH,2788,4,3,13
P6YRQCB7fq5iUp9HisRk,2789,2,1,13
P6YRQCB7fq5iUp9HisRk,2789,4,3,13
OurCn2GiMDW5vk0nnZY6,2790,2,1,13
OurCn2GiMDW5vk0nnZY6,2790,4,3,13
q4tv3Jj6tQRnh6gv51sW,2791,2,1,13
q4tv3Jj6tQRnh6gv51sW,2791,4,3,13
njN8aWM373nD0BWk2hfc,2792,2,1,13
njN8aWM373nD0BWk2hfc,2792,4,3,13
inEWbdn4FKyIucrKTuJs,2793,2,1,13
inEWbdn4FKyIucrKTuJs,2793,4,3,13
TauJFgLncdDAJUqCroTS,2794,2,1,13
TauJFgLncdDAJUqCroTS,2794,4,3,13
3k3j9zRHz5TG8lu0371z,2804,2,1,13
3k3j9zRHz5TG8lu0371z,2804,4,3,13
KMS5zK7Ubs1HMGCkHZX9,2805,2,1,13
KMS5zK7Ubs1HMGCkHZX9,2805,4,3,13
ZllBaWnSw3BsmmfG54PG,2806,2,1,13
ZllBaWnSw3BsmmfG54PG,2806,4,3,13
RwSFbj7G5QHAjVNn5M5j,2807,2,1,13
RwSFbj7G5QHAjVNn5M5j,2807,4,3,13
YI85888OkHuToaVhM5OY,2808,2,1,13
YI85888OkHuToaVhM5OY,2808,4,3,13
8liTG11jYBnKMMvpw6kI,2809,2,1,13
8liTG11jYBnKMMvpw6kI,2809,4,3,13
uqGglIcLErjyF18B3V07,2810,2,1,13
uqGglIcLErjyF18B3V07,2810,4,3,13
2pStYrkkaNnSdAL6ciBr,2811,2,1,13
2pStYrkkaNnSdAL6ciBr,2811,4,3,13
SP5P0ijBelpqzeLIhVEq,2812,2,1,13
SP5P0ijBelpqzeLIhVEq,2812,4,3,13
k1ztnnXU6iHuXy4e2WIO,2813,2,1,13
k1ztnnXU6iHuXy4e2WIO,2813,4,3,13
YibawKkezX6ymWFyWACG,2814,2,1,13
YibawKkezX6ymWFyWACG,2814,4,3,13
vnODS71AfoWJMJUSs1dH,2824,2,1,13
vnODS71AfoWJMJUSs1dH,2824,4,3,13
QYOb3qcPmnOXT9VVYxFA,2825,2,1,13
QYOb3qcPmnOXT9VVYxFA,2825,4,3,13
RwiikCQDHn0DVW41QXee,2826,2,1,13
RwiikCQDHn0DVW41QXee,2826,4,3,13
hT1i4GBZHAW62I9XNdtW,2827,2,1,13
hT1i4GBZHAW62I9XNdtW,2827,4,3,13
nkSVetwp9or1IeYE1nIr,2828,2,1,13
nkSVetwp9or1IeYE1nIr,2828,4,3,13
k5m71EUWjuVdYCUjneu1,2829,2,1,13
k5m71EUWjuVdYCUjneu1,2829,4,3,13
C4cWWZQCDrpZQ1Z5VfLu,2830,2,1,13
C4cWWZQCDrpZQ1Z5VfLu,2830,4,3,13
Vf9ckbdWfbfo0ggTWuAK,2831,2,1,13
Vf9ckbdWfbfo0ggTWuAK,2831,4,3,13
a6LnvijNxmXTXmcHfmox,2832,2,1,13
a6LnvijNxmXTXmcHfmox,2832,4,3,13
SpW3QpePQ6djjlZ9PjsD,2833,2,1,13
SpW3QpePQ6djjlZ9PjsD,2833,4,3,13
9eO9Rhj5tEsyDK0xuf08,2834,2,1,13
9eO9Rhj5tEsyDK0xuf08,2834,4,3,13
Qn8PATy7kieKC9kDIzqM,2844,2,1,13
Qn8PATy7kieKC9kDIzqM,2844,4,3,13
lHbVAyunSlDuvwrGOHpB,2845,2,1,13
lHbVAyunSlDuvwrGOHpB,2845,4,3,13
L5CNuDUSxIEaaXVJgwMD,2846,2,1,13
L5CNuDUSxIEaaXVJgwMD,2846,4,3,13
XLWuEBnIj7tHJOw2ERVL,2847,2,1,13
XLWuEBnIj7tHJOw2ERVL,2847,4,3,13
zlzgyTrUQdyxfBYoXTKS,2848,2,1,13
zlzgyTrUQdyxfBYoXTKS,2848,4,3,13
Ip0VCutLxLeFmmTNg1By,2849,2,1,13
Ip0VCutLxLeFmmTNg1By,2849,4,3,13
QBDlQGwc2K2fHLi53YDX,2850,2,1,13
QBDlQGwc2K2fHLi53YDX,2850,4,3,13
KW9qnEX9kZX0nqfD4liO,2851,2,1,13
KW9qnEX9kZX0nqfD4liO,2851,4,3,13
XqiEabg2t0GdWLWdD4bB,2852,2,1,13
XqiEabg2t0GdWLWdD4bB,2852,4,3,13
063DSNhe3b8e6INg1xic,2853,2,1,13
063DSNhe3b8e6INg1xic,2853,4,3,13
mlyI4s2iIwEiJ64DhRw1,2854,2,1,13
mlyI4s2iIwEiJ64DhRw1,2854,4,3,13
6CqcJU79TcnKubL0iPgP,2864,2,1,13
6CqcJU79TcnKubL0iPgP,2864,4,3,13
Nyc3vFfKidAFh8y9zWBq,2865,2,1,13
Nyc3vFfKidAFh8y9zWBq,2865,4,3,13
EvM0vaj2vAFRBtHm77zW,2866,2,1,13
EvM0vaj2vAFRBtHm77zW,2866,4,3,13
5bO8sGe3xH7hl2aeMXV4,2867,2,1,13
5bO8sGe3xH7hl2aeMXV4,2867,4,3,13
NPoxEER7Dz23ai78CnxU,2868,2,1,13
NPoxEER7Dz23ai78CnxU,2868,4,3,13
8DmybTdOscbAU7QMn5TS,2869,2,1,13
8DmybTdOscbAU7QMn5TS,2869,4,3,13
BxwZ5qdgcwEF86UNAMjO,2870,2,1,13
BxwZ5qdgcwEF86UNAMjO,2870,4,3,13
Y5U70RsYU5kje1RyZ7iT,2871,2,1,13
Y5U70RsYU5kje1RyZ7iT,2871,4,3,13
OLyOK5fSfNn5LYtF9562,2872,2,1,13
OLyOK5fSfNn5LYtF9562,2872,4,3,13
Wrn6g7OTFr8iH6kXZkHF,2873,2,1,13
Wrn6g7OTFr8iH6kXZkHF,2873,4,3,13
s8eJDvPSpsmsKk7uFWJQ,2874,2,1,13
s8eJDvPSpsmsKk7uFWJQ,2874,4,3,13
nIEbcwrnnfr7ADWUW8yP,2884,2,1,13
nIEbcwrnnfr7ADWUW8yP,2884,4,3,13
yNd13TD8gZfdtrguLetT,2885,2,1,13
yNd13TD8gZfdtrguLetT,2885,4,3,13
KKYzefHVbQOdLo21JbUj,2886,2,1,13
KKYzefHVbQOdLo21JbUj,2886,4,3,13
6wWbEEtk8hXjGyLHCC09,2887,2,1,13
6wWbEEtk8hXjGyLHCC09,2887,4,3,13
oANgLxeUCjkJarzB6vIj,2888,2,1,13
oANgLxeUCjkJarzB6vIj,2888,4,3,13
aQ3CaO0YCXhQOMpsDJko,2889,2,1,13
aQ3CaO0YCXhQOMpsDJko,2889,4,3,13
FX5BCGEI18nchUPqlEgG,2890,2,1,13
FX5BCGEI18nchUPqlEgG,2890,4,3,13
Hb69D9zSl1ociksIj3uf,2891,2,1,13
Hb69D9zSl1ociksIj3uf,2891,4,3,13
innL7acDwXjxWzpibvO0,2892,2,1,13
innL7acDwXjxWzpibvO0,2892,4,3,13
VbRcSfgk3lThcLhpDO3j,2893,2,1,13
VbRcSfgk3lThcLhpDO3j,2893,4,3,13
JyDHYUHjjXZLUyjV0Lj6,2894,2,1,13
JyDHYUHjjXZLUyjV0Lj6,2894,4,3,13
SdaTHSy6MGqPaIySEtUl,2904,2,1,13
SdaTHSy6MGqPaIySEtUl,2904,4,3,13
vRNipTVgQL4YjYVF0HR4,2905,2,1,13
vRNipTVgQL4YjYVF0HR4,2905,4,3,13
RBiRWNgm5oJe3mhvDttv,2906,2,1,13
RBiRWNgm5oJe3mhvDttv,2906,4,3,13
MoY3aZ128vWrKqZkvplK,2907,2,1,13
MoY3aZ128vWrKqZkvplK,2907,4,3,13
3T180y6lBB9ACqKMjkdT,2908,2,1,13
3T180y6lBB9ACqKMjkdT,2908,4,3,13
pvmhqh6RSwsKb9xMUSzy,2909,2,1,13
pvmhqh6RSwsKb9xMUSzy,2909,4,3,13
bNjeOOHasdzBvRPaoxTt,2910,2,1,13
bNjeOOHasdzBvRPaoxTt,2910,4,3,13
yuBlWG6fyEmWcHK9kJsU,2911,2,1,13
yuBlWG6fyEmWcHK9kJsU,2911,4,3,13
5l3Wai6T5tTKZIDt1dku,2912,2,1,13
5l3Wai6T5tTKZIDt1dku,2912,4,3,13
5z1r5oo0B7psz4frBhdO,2913,2,1,13
5z1r5oo0B7psz4frBhdO,2913,4,3,13
YKnxCFckTPCKJAMgGYzT,2914,2,1,13
YKnxCFckTPCKJAMgGYzT,2914,4,3,13
oUhdrMFuj02Bn4k9f0tv,2924,2,1,13
oUhdrMFuj02Bn4k9f0tv,2924,4,3,13
ZbY5ciOMu2e1psCmCadF,2925,2,1,13
ZbY5ciOMu2e1psCmCadF,2925,4,3,13
L3YWwMeD8oCBOPrDMft5,2926,2,1,13
L3YWwMeD8oCBOPrDMft5,2926,4,3,13
GaD6DOFJgUcLz2fB44fH,2927,2,1,13
GaD6DOFJgUcLz2fB44fH,2927,4,3,13
4LODmsRHoWNk9Z8ubquJ,2928,2,1,13
4LODmsRHoWNk9Z8ubquJ,2928,4,3,13
3VANs1vcFjAJDFUvz2iD,2929,2,1,13
3VANs1vcFjAJDFUvz2iD,2929,4,3,13
fF1Myo1EUbXUFbFJUceI,2930,2,1,13
fF1Myo1EUbXUFbFJUceI,2930,4,3,13
Z4c3ktzrazbZPYNq5Kd9,2931,2,1,13
Z4c3ktzrazbZPYNq5Kd9,2931,4,3,13
MYPI1ZtNNTBbraU50czL,2932,2,1,13
MYPI1ZtNNTBbraU50czL,2932,4,3,13
hO7nxp6JUa8tR34NR7R1,2933,2,1,13
hO7nxp6JUa8tR34NR7R1,2933,4,3,13
TCBRihcrgdRpgBt1fWPQ,2934,2,1,13
TCBRihcrgdRpgBt1fWPQ,2934,4,3,13
2j1eidu5xU15rYqv1J1Q,2944,2,1,13
2j1eidu5xU15rYqv1J1Q,2944,4,3,13
qPzwT6DzIbxhptwQTqga,2945,2,1,13
qPzwT6DzIbxhptwQTqga,2945,4,3,13
6MDoxKGk4FePKZElUPq9,2946,2,1,13
6MDoxKGk4FePKZElUPq9,2946,4,3,13
SHRCq5CcXPG4k1A2sxru,2947,2,1,13
SHRCq5CcXPG4k1A2sxru,2947,4,3,13
JiABU1G6v55tRFfuGGzs,2948,2,1,13
JiABU1G6v55tRFfuGGzs,2948,4,3,13
Nwo7VtMWnj9aXdPyt3C8,2949,2,1,13
Nwo7VtMWnj9aXdPyt3C8,2949,4,3,13
cZQWEm0HA03u2lXEhIqX,2950,2,1,13
cZQWEm0HA03u2lXEhIqX,2950,4,3,13
CFqV1n28Y1ZNZoQALsFf,2951,2,1,13
CFqV1n28Y1ZNZoQALsFf,2951,4,3,13
hUtEV2dUuocQEQMT60VE,2952,2,1,13
hUtEV2dUuocQEQMT60VE,2952,4,3,13
uLyBBjKLG2DJ9gOUvf9h,2953,2,1,13
uLyBBjKLG2DJ9gOUvf9h,2953,4,3,13
HA3EMTlyInBQ3J2kqxLA,2954,2,1,13
HA3EMTlyInBQ3J2kqxLA,2954,4,3,13
5NANxJG4biIlLydJeysN,2964,2,1,13
5NANxJG4biIlLydJeysN,2964,4,3,13
V9L5kRPVlcPVwz7JTByZ,2965,2,1,13
V9L5kRPVlcPVwz7JTByZ,2965,4,3,13
LsFnywOAAFmXwceMsEV9,2966,2,1,13
LsFnywOAAFmXwceMsEV9,2966,4,3,13
mCzsnmeXmGE9cuh7W11H,2967,2,1,13
mCzsnmeXmGE9cuh7W11H,2967,4,3,13
GgkIzHN9tIsU9vxzdOuo,2968,2,1,13
GgkIzHN9tIsU9vxzdOuo,2968,4,3,13
H66hIINNC8a0MegdWT11,2969,2,1,13
H66hIINNC8a0MegdWT11,2969,4,3,13
MoUEFgJFng5DtXWhCaZl,2970,2,1,13
MoUEFgJFng5DtXWhCaZl,2970,4,3,13
VUjRKwqP4ssvqFBelODs,2971,2,1,13
VUjRKwqP4ssvqFBelODs,2971,4,3,13
HvKeSOs4A4dOFbaoU6mB,2972,2,1,13
HvKeSOs4A4dOFbaoU6mB,2972,4,3,13
ctXG5ckC8HhGH8RH3FQe,2973,2,1,13
ctXG5ckC8HhGH8RH3FQe,2973,4,3,13
Tfy1AHE7cR0OyRuuGh4v,2974,2,1,13
Tfy1AHE7cR0OyRuuGh4v,2974,4,3,13
hpDurRpz3n62fVo2WuIF,2984,2,1,13
hpDurRpz3n62fVo2WuIF,2984,4,3,13
5sM8fLivcq39L3eA4gmo,2985,2,1,13
5sM8fLivcq39L3eA4gmo,2985,4,3,13
dGB2MA5vRgKp8YNx2PGZ,2986,2,1,13
dGB2MA5vRgKp8YNx2PGZ,2986,4,3,13
X3jPx9QwtJHOfAjE2C2W,2987,2,1,13
X3jPx9QwtJHOfAjE2C2W,2987,4,3,13
xtoVWpsuHYzW0esCL4H5,2988,2,1,13
xtoVWpsuHYzW0esCL4H5,2988,4,3,13
5cuw3Et9hk0qzUuS9O1o,2989,2,1,13
5cuw3Et9hk0qzUuS9O1o,2989,4,3,13
8ZjEC4RA7CoLyWgEOYO8,2990,2,1,13
8ZjEC4RA7CoLyWgEOYO8,2990,4,3,13
klsuY87I4rEUY5iOw6Es,2991,2,1,13
klsuY87I4rEUY5iOw6Es,2991,4,3,13
zFq3lLxTpZ4EEY2M99Nu,2992,2,1,13
zFq3lLxTpZ4EEY2M99Nu,2992,4,3,13
vkCddpPPrlbKkkmkstAS,2993,2,1,13
vkCddpPPrlbKkkmkstAS,2993,4,3,13
ifRnlU8NQhkx0YKu5Vbk,2994,2,1,13
ifRnlU8NQhkx0YKu5Vbk,2994,4,3,13
zBvrBx7ecDWXgSVgwDhO,3004,2,1,13
zBvrBx7ecDWXgSVgwDhO,3004,4,3,13
q2w0LF5uKNV9emelIbNF,3005,2,1,13
q2w0LF5uKNV9emelIbNF,3005,4,3,13
VXCSPaOfiwstCTHhzAlx,3006,2,1,13
VXCSPaOfiwstCTHhzAlx,3006,4,3,13
SazVA2mhC4nHGLSU3QoZ,3007,2,1,13
SazVA2mhC4nHGLSU3QoZ,3007,4,3,13
vNT4HoxEmQ5cf2mudC78,3008,2,1,13
vNT4HoxEmQ5cf2mudC78,3008,4,3,13
iaS4q3PcVr3e7u5jErkt,3009,2,1,13
iaS4q3PcVr3e7u5jErkt,3009,4,3,13
nyMEUlaQywcxydGEwdr4,3010,2,1,13
nyMEUlaQywcxydGEwdr4,3010,4,3,13
AsFijgQIJXzdyBCXZb52,3011,2,1,13
AsFijgQIJXzdyBCXZb52,3011,4,3,13
CZ8eQP2BweYH3A2ySEQM,3012,2,1,13
CZ8eQP2BweYH3A2ySEQM,3012,4,3,13
xHhJ8tu9pmKJGGBg4mVM,3013,2,1,13
xHhJ8tu9pmKJGGBg4mVM,3013,4,3,13
5it9o4B89bagBKwxKvnX,3014,2,1,13
5it9o4B89bagBKwxKvnX,3014,4,3,13
Pv7rftI5kuOWliD2xtB7,3024,2,1,13
Pv7rftI5kuOWliD2xtB7,3024,4,3,13
KXc9VYZ4FJQI3ikEJdmj,3025,2,1,13
KXc9VYZ4FJQI3ikEJdmj,3025,4,3,13
2X4995XwiYfqGEzzqjYJ,3026,2,1,13
2X4995XwiYfqGEzzqjYJ,3026,4,3,13
WdvO7c6yxZwvLrGxpnmJ,3027,2,1,13
WdvO7c6yxZwvLrGxpnmJ,3027,4,3,13
tvNoyLpYzGHW91AzaYeq,3028,2,1,13
tvNoyLpYzGHW91AzaYeq,3028,4,3,13
1AfJrrgE9iKB06EInksI,3029,2,1,13
1AfJrrgE9iKB06EInksI,3029,4,3,13
y5rFeq3fOF5Z8HRNhUIU,3030,2,1,13
y5rFeq3fOF5Z8HRNhUIU,3030,4,3,13
iZ05AxWSautJH0b0jhf9,3031,2,1,13
iZ05AxWSautJH0b0jhf9,3031,4,3,13
Sqx5Ff6yt7VIN9OrzdQI,3032,2,1,13
Sqx5Ff6yt7VIN9OrzdQI,3032,4,3,13
rVFdHRcXA9afs5wBB3dI,3033,2,1,13
rVFdHRcXA9afs5wBB3dI,3033,4,3,13
tI3sisr6D2poeNlZrLuY,3034,2,1,13
tI3sisr6D2poeNlZrLuY,3034,4,3,13
7bNp5e06dWVUgY7F9fWC,3044,2,1,13
7bNp5e06dWVUgY7F9fWC,3044,4,3,13
F0PPpkm1XaCXV70atUnR,3045,2,1,13
F0PPpkm1XaCXV70atUnR,3045,4,3,13
TMRVuzRqnm1ejhsWtMcv,3046,2,1,13
TMRVuzRqnm1ejhsWtMcv,3046,4,3,13
Q05qOoseQat9kb0z5XIi,3047,2,1,13
Q05qOoseQat9kb0z5XIi,3047,4,3,13
4LGmZGtpUji7ZDvcWvTc,3048,2,1,13
4LGmZGtpUji7ZDvcWvTc,3048,4,3,13
cmhpn5ik6PwlwuFjPAYL,3049,2,1,13
cmhpn5ik6PwlwuFjPAYL,3049,4,3,13
ZKrDI6NlrEAZVAMUNEmQ,3050,2,1,13
ZKrDI6NlrEAZVAMUNEmQ,3050,4,3,13
FPxFi4bQZ2gcCbwVW1CO,3051,2,1,13
FPxFi4bQZ2gcCbwVW1CO,3051,4,3,13
TY7roN93FWHxfScnQ3zt,3052,2,1,13
TY7roN93FWHxfScnQ3zt,3052,4,3,13
3ZDuDMHpEfD1OOjXlKoZ,3053,2,1,13
3ZDuDMHpEfD1OOjXlKoZ,3053,4,3,13
SvSRCkxjnWXvrUIlTaYI,3054,2,1,13
SvSRCkxjnWXvrUIlTaYI,3054,4,3,13
KmJFv3Pr6ie6uUYyTuEi,3064,2,1,13
KmJFv3Pr6ie6uUYyTuEi,3064,4,3,13
WDZDAkvyuc2g9NhhXzVo,3065,2,1,13
WDZDAkvyuc2g9NhhXzVo,3065,4,3,13
898x84Y2ppzSB4nsElTT,3066,2,1,13
898x84Y2ppzSB4nsElTT,3066,4,3,13
pC00SvuE3vXwvGqD57c9,3067,2,1,13
pC00SvuE3vXwvGqD57c9,3067,4,3,13
RNbhcTGRO9eVzhIIeVxe,3068,2,1,13
RNbhcTGRO9eVzhIIeVxe,3068,4,3,13
ET9Go1JwlINpi13ie9sp,3069,2,1,13
ET9Go1JwlINpi13ie9sp,3069,4,3,13
x6OISczlY4NJJ0lQOSDW,3070,2,1,13
x6OISczlY4NJJ0lQOSDW,3070,4,3,13
uHF9qrlBUUNHRFgjIEE9,3071,2,1,13
uHF9qrlBUUNHRFgjIEE9,3071,4,3,13
E6KSEnKTHc6DkRRl787A,3072,2,1,13
E6KSEnKTHc6DkRRl787A,3072,4,3,13
ZWQYMPvDkU27Ko3X10ko,3073,2,1,13
ZWQYMPvDkU27Ko3X10ko,3073,4,3,13
jCsIYAHYug0IaRih4dUf,3074,2,1,13
jCsIYAHYug0IaRih4dUf,3074,4,3,13
sg2SyapefKzDKgdAd0Cx,3084,2,1,13
sg2SyapefKzDKgdAd0Cx,3084,4,3,13
ca5zq46ToYFJInJPvqXp,3085,2,1,13
ca5zq46ToYFJInJPvqXp,3085,4,3,13
H2XmY5NwBphp1h3AfoVV,3086,2,1,13
H2XmY5NwBphp1h3AfoVV,3086,4,3,13
yrtr9DJOeZXTcYvW8EfI,3087,2,1,13
yrtr9DJOeZXTcYvW8EfI,3087,4,3,13
KHSFUCZLsl9m4P04W2XM,3088,2,1,13
KHSFUCZLsl9m4P04W2XM,3088,4,3,13
lLKGm7SljmJwCpEPcdXo,3089,2,1,13
lLKGm7SljmJwCpEPcdXo,3089,4,3,13
jaOQBrVCuGn0ZqsFkATA,3090,2,1,13
jaOQBrVCuGn0ZqsFkATA,3090,4,3,13
Raemwf6MBUwPqQmUf4d7,3091,2,1,13
Raemwf6MBUwPqQmUf4d7,3091,4,3,13
xpAwVV82vpVr4XVzOysj,3092,2,1,13
xpAwVV82vpVr4XVzOysj,3092,4,3,13
QNKFwoW7gJfHjF2aQ2C3,3093,2,1,13
QNKFwoW7gJfHjF2aQ2C3,3093,4,3,13
rrTH4aH9QAcz7dcF9XsA,3094,2,1,13
rrTH4aH9QAcz7dcF9XsA,3094,4,3,13
zwBvxZPLm9RBMG75bilU,3104,2,1,13
zwBvxZPLm9RBMG75bilU,3104,4,3,13
BUlPLMrzEz3MYwjRIL8m,3105,2,1,13
BUlPLMrzEz3MYwjRIL8m,3105,4,3,13
YWGW0mH8zdEqdsBlEeXa,3106,2,1,13
YWGW0mH8zdEqdsBlEeXa,3106,4,3,13
s2hS0yz1w52TMGtb0coE,3107,2,1,13
s2hS0yz1w52TMGtb0coE,3107,4,3,13
bSp4UmQ3gxf1g7bakAd2,3108,2,1,13
bSp4UmQ3gxf1g7bakAd2,3108,4,3,13
e1ibAmvE6lxN1moa8Z81,3109,2,1,13
e1ibAmvE6lxN1moa8Z81,3109,4,3,13
GMxnV1Y3EKwhVoNonaL9,3110,2,1,13
GMxnV1Y3EKwhVoNonaL9,3110,4,3,13
m4ctkrVV1Mtw6PE8ur3x,3111,2,1,13
m4ctkrVV1Mtw6PE8ur3x,3111,4,3,13
QSje03MJbUVCWvoLmhsq,3112,2,1,13
QSje03MJbUVCWvoLmhsq,3112,4,3,13
xAwoWfRgcNyEjqx487VZ,3113,2,1,13
xAwoWfRgcNyEjqx487VZ,3113,4,3,13
QR4XHbZUOL2kfWrtg3fV,3114,2,1,13
QR4XHbZUOL2kfWrtg3fV,3114,4,3,13
eHfZuwZN1lDug2GQZCDi,3124,2,1,13
eHfZuwZN1lDug2GQZCDi,3124,4,3,13
wldqv5DhAXPOc305nGHH,3125,2,1,13
wldqv5DhAXPOc305nGHH,3125,4,3,13
l5EOuRM2HBkZrr97OBxD,3126,2,1,13
l5EOuRM2HBkZrr97OBxD,3126,4,3,13
ImO2A6WfmCADqOPsx9Wh,3127,2,1,13
ImO2A6WfmCADqOPsx9Wh,3127,4,3,13
UJ7jl3LOrF9YjtUBEs5H,3128,2,1,13
UJ7jl3LOrF9YjtUBEs5H,3128,4,3,13
JzZmprsRT45MNnrKI7Op,3129,2,1,13
JzZmprsRT45MNnrKI7Op,3129,4,3,13
Pwp7xDL0PvmiCUQFElu7,3130,2,1,13
Pwp7xDL0PvmiCUQFElu7,3130,4,3,13
Uk3ky1BT1SiwLgGqq3CT,3131,2,1,13
Uk3ky1BT1SiwLgGqq3CT,3131,4,3,13
CyaCpShc7AMN7oisBq2K,3132,2,1,13
CyaCpShc7AMN7oisBq2K,3132,4,3,13
P0OoG7MKte2VBE23VewM,3133,2,1,13
P0OoG7MKte2VBE23VewM,3133,4,3,13
KZdu6yuWkkx0vxkEk14N,3134,2,1,13
KZdu6yuWkkx0vxkEk14N,3134,4,3,13
ltSe4r8osR4ildGQSdoa,3144,2,1,13
ltSe4r8osR4ildGQSdoa,3144,4,3,13
skVGb4duee3CHLw4WDbI,3145,2,1,13
skVGb4duee3CHLw4WDbI,3145,4,3,13
ZEm7Q2FXFl3nIunwJF6M,3146,2,1,13
ZEm7Q2FXFl3nIunwJF6M,3146,4,3,13
CPjVUlzlqbgdcE0tw1Es,3147,2,1,13
CPjVUlzlqbgdcE0tw1Es,3147,4,3,13
2jJykXlhSrmwXiBOKpb4,3148,2,1,13
2jJykXlhSrmwXiBOKpb4,3148,4,3,13
YG2R7wgOURgzfEMC1Kec,3149,2,1,13
YG2R7wgOURgzfEMC1Kec,3149,4,3,13
LhD5fkBQOlGXPS0V1cTK,3150,2,1,13
LhD5fkBQOlGXPS0V1cTK,3150,4,3,13
7DN0PsJyPjUlx505v1sP,3151,2,1,13
7DN0PsJyPjUlx505v1sP,3151,4,3,13
EO3zJ0DZqDUriFwkx45U,3152,2,1,13
EO3zJ0DZqDUriFwkx45U,3152,4,3,13
ALWXpDlbtiaD5MkzHs5g,3153,2,1,13
ALWXpDlbtiaD5MkzHs5g,3153,4,3,13
46oZ9UFoeccqq9T96ySu,3154,2,1,13
46oZ9UFoeccqq9T96ySu,3154,4,3,13
FNWmyzWfS47PEOnoQys4,3164,2,1,13
FNWmyzWfS47PEOnoQys4,3164,4,3,13
49AJ0qJfafFhvAmKUI3M,3165,2,1,13
49AJ0qJfafFhvAmKUI3M,3165,4,3,13
iHY1Qo972UHnt5M1zfJT,3166,2,1,13
iHY1Qo972UHnt5M1zfJT,3166,4,3,13
pd4GtJGFTuVRvMFKxwFL,3167,2,1,13
pd4GtJGFTuVRvMFKxwFL,3167,4,3,13
skkHLatMJhcxsAJEsGVi,3168,2,1,13
skkHLatMJhcxsAJEsGVi,3168,4,3,13
doGESXzjTkkSH90pUvHi,3169,2,1,13
doGESXzjTkkSH90pUvHi,3169,4,3,13
IONsZQEngdaniZ4kElzO,3170,2,1,13
IONsZQEngdaniZ4kElzO,3170,4,3,13
hsjrb7DUQ3HEpfAzlzgB,3171,2,1,13
hsjrb7DUQ3HEpfAzlzgB,3171,4,3,13
AVG1NiImNBAL5z7rjA92,3172,2,1,13
AVG1NiImNBAL5z7rjA92,3172,4,3,13
zMpO7xpFORFVBnOGiB1G,3173,2,1,13
zMpO7xpFORFVBnOGiB1G,3173,4,3,13
1tMRcRbfhYYAE9CUzcb1,3174,2,1,13
1tMRcRbfhYYAE9CUzcb1,3174,4,3,13
TlxDxS6wy0dZK4mOhs4a,3184,2,1,13
TlxDxS6wy0dZK4mOhs4a,3184,4,3,13
Vl9v5rJkUoXynhX5Uo3d,3185,2,1,13
Vl9v5rJkUoXynhX5Uo3d,3185,4,3,13
7IWTAJvycIbca0Yh79dF,3186,2,1,13
7IWTAJvycIbca0Yh79dF,3186,4,3,13
HfRgbdqCBYLCKcw3u4Jp,3187,2,1,13
HfRgbdqCBYLCKcw3u4Jp,3187,4,3,13
Ig2WjYNCpVXPyqbuYvwP,3188,2,1,13
Ig2WjYNCpVXPyqbuYvwP,3188,4,3,13
38iFLE0138zpBgdCl682,3189,2,1,13
38iFLE0138zpBgdCl682,3189,4,3,13
PFipunf7fKp7AELMzqGE,3190,2,1,13
PFipunf7fKp7AELMzqGE,3190,4,3,13
YkcbTl3CMzyxGrspJSpB,3191,2,1,13
YkcbTl3CMzyxGrspJSpB,3191,4,3,13
IMj16dc8WKKtdUHF8XCD,3192,2,1,13
IMj16dc8WKKtdUHF8XCD,3192,4,3,13
65x3q2tcvxoaLnuZExOk,3193,2,1,13
65x3q2tcvxoaLnuZExOk,3193,4,3,13
QIky9QzWWXUBAOHBG6xT,3194,2,1,13
QIky9QzWWXUBAOHBG6xT,3194,4,3,13
bB99Ef6vV0SxW9Jsk8kB,3204,2,1,13
bB99Ef6vV0SxW9Jsk8kB,3204,4,3,13
hW69cbdYRNeqGAw3PGj1,3205,2,1,13
hW69cbdYRNeqGAw3PGj1,3205,4,3,13
GHI41acVjHRtqbAIiGKd,3206,2,1,13
GHI41acVjHRtqbAIiGKd,3206,4,3,13
g9Efjf4IIxmTONK8bjrF,3207,2,1,13
g9Efjf4IIxmTONK8bjrF,3207,4,3,13
9pKkWfT7AdBTmiE0iU6C,3208,2,1,13
9pKkWfT7AdBTmiE0iU6C,3208,4,3,13
JGutSBnwUr370wTD8Isf,3209,2,1,13
JGutSBnwUr370wTD8Isf,3209,4,3,13
tCyghrXl21PRTlX7AW1W,3210,2,1,13
tCyghrXl21PRTlX7AW1W,3210,4,3,13
6lxpT21dcKHEdU9pfNZC,3211,2,1,13
6lxpT21dcKHEdU9pfNZC,3211,4,3,13
u1EUNR4UDUdXaki7iSrQ,3212,2,1,13
u1EUNR4UDUdXaki7iSrQ,3212,4,3,13
wMPaLrniHbtz9DRgRL9P,3213,2,1,13
wMPaLrniHbtz9DRgRL9P,3213,4,3,13
WYE9rx4M58diD2KePn2b,3214,2,1,13
WYE9rx4M58diD2KePn2b,3214,4,3,13
fflSGuZjdcCPpnx4ZFmt,3224,2,1,13
fflSGuZjdcCPpnx4ZFmt,3224,4,3,13
xTR81mjDSuWRE0VniupW,3225,2,1,13
xTR81mjDSuWRE0VniupW,3225,4,3,13
g5e0MNGXgUW0JDCWOgaU,3226,2,1,13
g5e0MNGXgUW0JDCWOgaU,3226,4,3,13
6RO0L5S5LGGpnTmoobih,3227,2,1,13
6RO0L5S5LGGpnTmoobih,3227,4,3,13
NMU1whMV7fQn6GbIMnwM,3228,2,1,13
NMU1whMV7fQn6GbIMnwM,3228,4,3,13
vNQVl4OTNaMhectHNPVI,3229,2,1,13
vNQVl4OTNaMhectHNPVI,3229,4,3,13
7ehuDpbffmeKlAOHh6kE,3230,2,1,13
7ehuDpbffmeKlAOHh6kE,3230,4,3,13
wWKeAOG9XstnLYQgjRGc,3231,2,1,13
wWKeAOG9XstnLYQgjRGc,3231,4,3,13
hHKnuvJCrq2AeVaQAB9m,3232,2,1,13
hHKnuvJCrq2AeVaQAB9m,3232,4,3,13
EORioYvXb6h8eMKKtZr5,3233,2,1,13
EORioYvXb6h8eMKKtZr5,3233,4,3,13
Ke2jJiRztwBANp02c2yu,3234,2,1,13
Ke2jJiRztwBANp02c2yu,3234,4,3,13
S7pnFAPciYLAW6rCPf6N,3244,2,1,13
S7pnFAPciYLAW6rCPf6N,3244,4,3,13
5hdHZMxQiWcLTBYztv9L,3245,2,1,13
5hdHZMxQiWcLTBYztv9L,3245,4,3,13
gbtSBcwBRBSyZ9LHkVPR,3246,2,1,13
gbtSBcwBRBSyZ9LHkVPR,3246,4,3,13
sKZfrXgOCLhHSkJ0lEZf,3247,2,1,13
sKZfrXgOCLhHSkJ0lEZf,3247,4,3,13
6ZDnGIxR4xF0icD2At9X,3248,2,1,13
6ZDnGIxR4xF0icD2At9X,3248,4,3,13
txOYKJC1ErkRBqzqFyzj,3249,2,1,13
txOYKJC1ErkRBqzqFyzj,3249,4,3,13
OUHPdEqP8szzicX5CMFH,3250,2,1,13
OUHPdEqP8szzicX5CMFH,3250,4,3,13
hnzmVXYJAOBrjvVP6iOk,3251,2,1,13
hnzmVXYJAOBrjvVP6iOk,3251,4,3,13
gKiz8Qo5j8jdqc3S6ylU,3252,2,1,13
gKiz8Qo5j8jdqc3S6ylU,3252,4,3,13
0lvlxbXTkpVdXAeJ2eQ2,3253,2,1,13
0lvlxbXTkpVdXAeJ2eQ2,3253,4,3,13
FkVnrZXzBVQJgActa3Tr,3254,2,1,13
FkVnrZXzBVQJgActa3Tr,3254,4,3,13
ak4tiH7WjjNjfsa8hD9p,3264,2,1,13
ak4tiH7WjjNjfsa8hD9p,3264,4,3,13
LT23s6u8HERpi2T3ED7x,3265,2,1,13
LT23s6u8HERpi2T3ED7x,3265,4,3,13
SYh389IQBXJ5vrhKAZp7,3266,2,1,13
SYh389IQBXJ5vrhKAZp7,3266,4,3,13
34NCwyijiWdVcqlqr08y,3267,2,1,13
34NCwyijiWdVcqlqr08y,3267,4,3,13
lZBFLZL94dWtj0QG3wnI,3268,2,1,13
lZBFLZL94dWtj0QG3wnI,3268,4,3,13
dMCrEZJju92vHEelDwmf,3269,2,1,13
dMCrEZJju92vHEelDwmf,3269,4,3,13
CuYVasg9UrF5G7Etbjbh,3270,2,1,13
CuYVasg9UrF5G7Etbjbh,3270,4,3,13
ZDLWzMAInSF3ZuJkFDEX,3271,2,1,13
ZDLWzMAInSF3ZuJkFDEX,3271,4,3,13
U6OOLFl0f8QEN3gkGyxu,3272,2,1,13
U6OOLFl0f8QEN3gkGyxu,3272,4,3,13
JEyJQ1TL2zuMdPxHAYj3,3273,2,1,13
JEyJQ1TL2zuMdPxHAYj3,3273,4,3,13
S2W7HB0GI8xt5oEl4GzC,3274,2,1,13
S2W7HB0GI8xt5oEl4GzC,3274,4,3,13
eXPhmcknwi3wa5vsWvrW,3284,2,1,13
eXPhmcknwi3wa5vsWvrW,3284,4,3,13
RFIf77AXug2rAGcBHzLq,3285,2,1,13
RFIf77AXug2rAGcBHzLq,3285,4,3,13
BK2yo68mRhtb760qJTBu,3286,2,1,13
BK2yo68mRhtb760qJTBu,3286,4,3,13
0wKy2mChaBeqaJOGVjbO,3287,2,1,13
0wKy2mChaBeqaJOGVjbO,3287,4,3,13
SNo7bChEMACKpi2qCdja,3288,2,1,13
SNo7bChEMACKpi2qCdja,3288,4,3,13
gxyMsuvjjMaAQP8uaY6T,3289,2,1,13
gxyMsuvjjMaAQP8uaY6T,3289,4,3,13
A2KokG9pE5d0kJ6WVI3Z,3290,2,1,13
A2KokG9pE5d0kJ6WVI3Z,3290,4,3,13
lhVZRh0XisIFl21p8ioy,3291,2,1,13
lhVZRh0XisIFl21p8ioy,3291,4,3,13
uZg8TgVq4ATc5v1f2MBZ,3292,2,1,13
uZg8TgVq4ATc5v1f2MBZ,3292,4,3,13
87wGLlHF4eO6YQTxah0v,3293,2,1,13
87wGLlHF4eO6YQTxah0v,3293,4,3,13
RruQG2jWkTaGbVI6QfhB,3294,2,1,13
RruQG2jWkTaGbVI6QfhB,3294,4,3,13
d8ewizXFRhtZ4zkJgHzu,3304,2,1,13
d8ewizXFRhtZ4zkJgHzu,3304,4,3,13
iULDulDSkHGQmlBHWbKN,3305,2,1,13
iULDulDSkHGQmlBHWbKN,3305,4,3,13
WFkZCM6jJGLy1h0mj39l,3306,2,1,13
WFkZCM6jJGLy1h0mj39l,3306,4,3,13
0Fvs2aIXoUWhndMxxHyk,3307,2,1,13
0Fvs2aIXoUWhndMxxHyk,3307,4,3,13
5czbpCzPM7xA99dpQW5h,3308,2,1,13
5czbpCzPM7xA99dpQW5h,3308,4,3,13
3r1aiZQuXLS5YGexawwS,3309,2,1,13
3r1aiZQuXLS5YGexawwS,3309,4,3,13
GIBG6AQrBoUoMPTKgNUe,3310,2,1,13
GIBG6AQrBoUoMPTKgNUe,3310,4,3,13
NwCnhdZMmY0g3xEmlv17,3311,2,1,13
NwCnhdZMmY0g3xEmlv17,3311,4,3,13
UpRzjbgIijF6zdxjiskR,3312,2,1,13
UpRzjbgIijF6zdxjiskR,3312,4,3,13
Oyfl1xE3FYOKKWCkckQd,3313,2,1,13
Oyfl1xE3FYOKKWCkckQd,3313,4,3,13
slijjgfe19eH4RqCdIi5,3314,2,1,13
slijjgfe19eH4RqCdIi5,3314,4,3,13
NjwIvM4M3UknbJahbIXP,3324,2,1,13
NjwIvM4M3UknbJahbIXP,3324,4,3,13
EsxuSBwHo2fu0x9mMeQf,3325,2,1,13
EsxuSBwHo2fu0x9mMeQf,3325,4,3,13
VclQ7sPLyQ6ulAL0UP7q,3326,2,1,13
VclQ7sPLyQ6ulAL0UP7q,3326,4,3,13
QHuJphPXaDUb970ISq2x,3327,2,1,13
QHuJphPXaDUb970ISq2x,3327,4,3,13
65TK0D6NaVf3xuXHKg6C,3328,2,1,13
65TK0D6NaVf3xuXHKg6C,3328,4,3,13
fwvClzlPBYHpLwmWp3py,3329,2,1,13
fwvClzlPBYHpLwmWp3py,3329,4,3,13
0zNGxhJ32rLH0xkZP31Q,3330,2,1,13
0zNGxhJ32rLH0xkZP31Q,3330,4,3,13
ljYNGermOOpDGIqE3akS,3331,2,1,13
ljYNGermOOpDGIqE3akS,3331,4,3,13
knz510Zwk46STYtfv6kJ,3332,2,1,13
knz510Zwk46STYtfv6kJ,3332,4,3,13
CSCP7rrhuYlQbOgYeNUa,3333,2,1,13
CSCP7rrhuYlQbOgYeNUa,3333,4,3,13
OOVWBDUzyihlz7QB7hnp,3334,2,1,13
OOVWBDUzyihlz7QB7hnp,3334,4,3,13
xdArpT6qgiVfgB0U6Zjy,3344,2,1,13
xdArpT6qgiVfgB0U6Zjy,3344,4,3,13
LKDsiw0HSqKIFGr7blKj,3345,2,1,13
LKDsiw0HSqKIFGr7blKj,3345,4,3,13
gqoOHd9r5CgKVwHTVy6b,3346,2,1,13
gqoOHd9r5CgKVwHTVy6b,3346,4,3,13
kfq156WaUkBPx0AP3WUS,3347,2,1,13
kfq156WaUkBPx0AP3WUS,3347,4,3,13
QTYp6kSl24aPH2ntJyxF,3348,2,1,13
QTYp6kSl24aPH2ntJyxF,3348,4,3,13
BlJyWRRpGkh7ViOFFBFn,3349,2,1,13
BlJyWRRpGkh7ViOFFBFn,3349,4,3,13
4chMQd5MOB0RjWPeM9H1,3350,2,1,13
4chMQd5MOB0RjWPeM9H1,3350,4,3,13
X0wbE3AqhJT1Ao6gxq5V,3351,2,1,13
X0wbE3AqhJT1Ao6gxq5V,3351,4,3,13
TqDhwk6X39dMyfLeTNoL,3352,2,1,13
TqDhwk6X39dMyfLeTNoL,3352,4,3,13
qPnco8i8kKjp1b9uVc41,3353,2,1,13
qPnco8i8kKjp1b9uVc41,3353,4,3,13
rsOMMUwwZ9aSBSUQUOQG,3354,2,1,13
rsOMMUwwZ9aSBSUQUOQG,3354,4,3,13
Hwd6OYKz8KhdybqfME79,3364,2,1,13
Hwd6OYKz8KhdybqfME79,3364,4,3,13
DAgiXhG9E6o6visUE1zH,3365,2,1,13
DAgiXhG9E6o6visUE1zH,3365,4,3,13
4E2dTHCmHQuA6rwpV2s3,3366,2,1,13
4E2dTHCmHQuA6rwpV2s3,3366,4,3,13
Ker9ZblKjPJEPkLw00KL,3367,2,1,13
Ker9ZblKjPJEPkLw00KL,3367,4,3,13
jDIgrovtuMCoD6RE04gL,3368,2,1,13
jDIgrovtuMCoD6RE04gL,3368,4,3,13
2SAVx18EHdQVKp6Mr1eK,3369,2,1,13
2SAVx18EHdQVKp6Mr1eK,3369,4,3,13
toQaXzE6zeYKNNEa0hc0,3370,2,1,13
toQaXzE6zeYKNNEa0hc0,3370,4,3,13
rlWpznX4Sd7wrsFAHaxT,3371,2,1,13
rlWpznX4Sd7wrsFAHaxT,3371,4,3,13
VL3rEXGLi4Fygk4Z1eOS,3372,2,1,13
VL3rEXGLi4Fygk4Z1eOS,3372,4,3,13
kFeodbOCWmomKWMm0cqs,3373,2,1,13
kFeodbOCWmomKWMm0cqs,3373,4,3,13
EilHUrAQl7wtowaC9NmK,3374,2,1,13
EilHUrAQl7wtowaC9NmK,3374,4,3,13
FU7LUHoo3AX1RuvlCFbA,3384,2,1,13
FU7LUHoo3AX1RuvlCFbA,3384,4,3,13
uKqkWM7yI86qwBAKRZAh,3385,2,1,13
uKqkWM7yI86qwBAKRZAh,3385,4,3,13
SkK4rkS9l4TyRREdNsvj,3386,2,1,13
SkK4rkS9l4TyRREdNsvj,3386,4,3,13
2TkHlavxqoBW9fHCDOY3,3387,2,1,13
2TkHlavxqoBW9fHCDOY3,3387,4,3,13
d7z17q5W2TVFjptLdbiG,3388,2,1,13
d7z17q5W2TVFjptLdbiG,3388,4,3,13
f6wMEwOVScOth4k97IGA,3389,2,1,13
f6wMEwOVScOth4k97IGA,3389,4,3,13
hnPUdbUgJFgbyKp0jmOc,3390,2,1,13
hnPUdbUgJFgbyKp0jmOc,3390,4,3,13
UQgus6BSf2qzBV1LI0Ww,3391,2,1,13
UQgus6BSf2qzBV1LI0Ww,3391,4,3,13
2MiXnpEadp9NttFjzpKu,3392,2,1,13
2MiXnpEadp9NttFjzpKu,3392,4,3,13
s3uVZkagt5v2MSNs3aca,3393,2,1,13
