LQVBE1AZa0b0RaNujwnO,1,1,13
LQVBE1AZa0b0RaNujwnO,1,2,13
LQVBE1AZa0b0RaNujwnO,1,3,13
LQVBE1AZa0b0RaNujwnO,1,4,13
LQVBE1AZa0b0RaNujwnO,1,5,13
OGK367NLo6RW41Np4fRD,7,1,13
OGK367NLo6RW41Np4fRD,7,2,13
OGK367NLo6RW41Np4fRD,7,3,13
OGK367NLo6RW41Np4fRD,7,4,13
OGK367NLo6RW41Np4fRD,7,5,13
cix9SdQok1zXxG2b5lE4,13,1,13
cix9SdQok1zXxG2b5lE4,13,2,13
cix9SdQok1zXxG2b5lE4,13,3,13
cix9SdQok1zXxG2b5lE4,13,4,13
cix9SdQok1zXxG2b5lE4,13,5,13
GMKUPCshLhBofA1vmfTi,19,1,13
GMKUPCshLhBofA1vmfTi,19,2,13
GMKUPCshLhBofA1vmfTi,19,3,13
GMKUPCshLhBofA1vmfTi,19,4,13
GMKUPCshLhBofA1vmfTi,19,5,13
3ggyh5UH3nnsTGRxci3L,25,1,13
3ggyh5UH3nnsTGRxci3L,25,2,13
3ggyh5UH3nnsTGRxci3L,25,3,13
3ggyh5UH3nnsTGRxci3L,25,4,13
3ggyh5UH3nnsTGRxci3L,25,5,13
bwsbHXMyPecAwFp16dVP,31,1,13
bwsbHXMyPecAwFp16dVP,31,2,13
bwsbHXMyPecAwFp16dVP,31,3,13
bwsbHXMyPecAwFp16dVP,31,4,13
bwsbHXMyPecAwFp16dVP,31,5,13
nSruLxPlOPq3u1HG0CxK,37,1,13
nSruLxPlOPq3u1HG0CxK,37,2,13
nSruLxPlOPq3u1HG0CxK,37,3,13
nSruLxPlOPq3u1HG0CxK,37,4,13
nSruLxPlOPq3u1HG0CxK,37,5,13
TpuisaP2GtP46kavo8jB,43,1,13
TpuisaP2GtP46kavo8jB,43,2,13
TpuisaP2GtP46kavo8jB,43,3,13
TpuisaP2GtP46kavo8jB,43,4,13
TpuisaP2GtP46kavo8jB,43,5,13
6u7K2HHYhAsyqOwkhClT,49,1,13
6u7K2HHYhAsyqOwkhClT,49,2,13
6u7K2HHYhAsyqOwkhClT,49,3,13
6u7K2HHYhAsyqOwkhClT,49,4,13
6u7K2HHYhAsyqOwkhClT,49,5,13
GvFO0puceA9vFWrUSwoF,55,1,13
GvFO0puceA9vFWrUSwoF,55,2,13
GvFO0puceA9vFWrUSwoF,55,3,13
GvFO0puceA9vFWrUSwoF,55,4,13
GvFO0puceA9vFWrUSwoF,55,5,13
GfNHBlDvBDKwbaDGm1fk,61,1,13
GfNHBlDvBDKwbaDGm1fk,61,2,13
GfNHBlDvBDKwbaDGm1fk,61,3,13
GfNHBlDvBDKwbaDGm1fk,61,4,13
GfNHBlDvBDKwbaDGm1fk,61,5,13
kkEhuozySOI7zR2msigQ,67,1,13
kkEhuozySOI7zR2msigQ,67,2,13
kkEhuozySOI7zR2msigQ,67,3,13
kkEhuozySOI7zR2msigQ,67,4,13
kkEhuozySOI7zR2msigQ,67,5,13
5WhFlleTaZ7VCn7CxHgG,73,1,13
5WhFlleTaZ7VCn7CxHgG,73,2,13
5WhFlleTaZ7VCn7CxHgG,73,3,13
5WhFlleTaZ7VCn7CxHgG,73,4,13
5WhFlleTaZ7VCn7CxHgG,73,5,13
iz2uCMfSkFwFY0UqgJZH,79,1,13
iz2uCMfSkFwFY0UqgJZH,79,2,13
iz2uCMfSkFwFY0UqgJZH,79,3,13
iz2uCMfSkFwFY0UqgJZH,79,4,13
iz2uCMfSkFwFY0UqgJZH,79,5,13
rAdUYXBAI5W67YYttyHI,85,1,13
rAdUYXBAI5W67YYttyHI,85,2,13
rAdUYXBAI5W67YYttyHI,85,3,13
rAdUYXBAI5W67YYttyHI,85,4,13
rAdUYXBAI5W67YYttyHI,85,5,13
3PCyP1cYa1JqO719sBzU,91,1,13
3PCyP1cYa1JqO719sBzU,91,2,13
3PCyP1cYa1JqO719sBzU,91,3,13
3PCyP1cYa1JqO719sBzU,91,4,13
3PCyP1cYa1JqO719sBzU,91,5,13
jYvM5jjYfQrSc9nZh2mH,97,1,13
jYvM5jjYfQrSc9nZh2mH,97,2,13
jYvM5jjYfQrSc9nZh2mH,97,3,13
jYvM5jjYfQrSc9nZh2mH,97,4,13
jYvM5jjYfQrSc9nZh2mH,97,5,13
9GiMbMpP68eO5OWaTCu7,103,1,13
9GiMbMpP68eO5OWaTCu7,103,2,13
9GiMbMpP68eO5OWaTCu7,103,3,13
9GiMbMpP68eO5OWaTCu7,103,4,13
9GiMbMpP68eO5OWaTCu7,103,5,13
O7EWWuV1tkQv1QnFhclW,109,1,13
O7EWWuV1tkQv1QnFhclW,109,2,13
O7EWWuV1tkQv1QnFhclW,109,3,13
O7EWWuV1tkQv1QnFhclW,109,4,13
O7EWWuV1tkQv1QnFhclW,109,5,13
MwHQQMykz3VExeMddKYK,115,1,13
MwHQQMykz3VExeMddKYK,115,2,13
MwHQQMykz3VExeMddKYK,115,3,13
MwHQQMykz3VExeMddKYK,115,4,13
MwHQQMykz3VExeMddKYK,115,5,13
WGgwHDgjtLcDblpFVBDL,121,1,13
WGgwHDgjtLcDblpFVBDL,121,2,13
WGgwHDgjtLcDblpFVBDL,121,3,13
WGgwHDgjtLcDblpFVBDL,121,4,13
WGgwHDgjtLcDblpFVBDL,121,5,13
SGV37I9EFFDbgpgrKJSG,127,1,13
SGV37I9EFFDbgpgrKJSG,127,2,13
SGV37I9EFFDbgpgrKJSG,127,3,13
SGV37I9EFFDbgpgrKJSG,127,4,13
SGV37I9EFFDbgpgrKJSG,127,5,13
8LnFzGXpHvARpyp60GdK,133,1,13
8LnFzGXpHvARpyp60GdK,133,2,13
8LnFzGXpHvARpyp60GdK,133,3,13
8LnFzGXpHvARpyp60GdK,133,4,13
8LnFzGXpHvARpyp60GdK,133,5,13
wsIuyx9NedKeSzSI8mjj,139,1,13
wsIuyx9NedKeSzSI8mjj,139,2,13
wsIuyx9NedKeSzSI8mjj,139,3,13
wsIuyx9NedKeSzSI8mjj,139,4,13
wsIuyx9NedKeSzSI8mjj,139,5,13
BBXzMX95N9u7FTj6O1Dp,145,1,13
BBXzMX95N9u7FTj6O1Dp,145,2,13
BBXzMX95N9u7FTj6O1Dp,145,3,13
BBXzMX95N9u7FTj6O1Dp,145,4,13
BBXzMX95N9u7FTj6O1Dp,145,5,13
5CEGZ8yx3BttkgfTg8Jn,151,1,13
5CEGZ8yx3BttkgfTg8Jn,151,2,13
5CEGZ8yx3BttkgfTg8Jn,151,3,13
5CEGZ8yx3BttkgfTg8Jn,151,4,13
5CEGZ8yx3BttkgfTg8Jn,151,5,13
txBt4x9dupOl135UAGzK,157,1,13
txBt4x9dupOl135UAGzK,157,2,13
txBt4x9dupOl135UAGzK,157,3,13
txBt4x9dupOl135UAGzK,157,4,13
txBt4x9dupOl135UAGzK,157,5,13
PrFVvYVfPbKVdu8jxPTV,163,1,13
PrFVvYVfPbKVdu8jxPTV,163,2,13
PrFVvYVfPbKVdu8jxPTV,163,3,13
PrFVvYVfPbKVdu8jxPTV,163,4,13
PrFVvYVfPbKVdu8jxPTV,163,5,13
bdedHJDhFwLYqiE7fiSD,169,1,13
bdedHJDhFwLYqiE7fiSD,169,2,13
bdedHJDhFwLYqiE7fiSD,169,3,13
bdedHJDhFwLYqiE7fiSD,169,4,13
bdedHJDhFwLYqiE7fiSD,169,5,13
pNVq7lwAxL6eR2HbmpqB,175,1,13
pNVq7lwAxL6eR2HbmpqB,175,2,13
pNVq7lwAxL6eR2HbmpqB,175,3,13
pNVq7lwAxL6eR2HbmpqB,175,4,13
pNVq7lwAxL6eR2HbmpqB,175,5,13
AnXj4PnIWLTjAUJNH94R,181,1,13
AnXj4PnIWLTjAUJNH94R,181,2,13
AnXj4PnIWLTjAUJNH94R,181,3,13
AnXj4PnIWLTjAUJNH94R,181,4,13
AnXj4PnIWLTjAUJNH94R,181,5,13
DuvMVFr2rR9ziulGL32v,187,1,13
DuvMVFr2rR9ziulGL32v,187,2,13
DuvMVFr2rR9ziulGL32v,187,3,13
DuvMVFr2rR9ziulGL32v,187,4,13
DuvMVFr2rR9ziulGL32v,187,5,13
qrNRNP7CX8l5FkT8P7IS,193,1,13
qrNRNP7CX8l5FkT8P7IS,193,2,13
qrNRNP7CX8l5FkT8P7IS,193,3,13
qrNRNP7CX8l5FkT8P7IS,193,4,13
qrNRNP7CX8l5FkT8P7IS,193,5,13
0oPQnr1r5YlBv3vN30bD,199,1,13
0oPQnr1r5YlBv3vN30bD,199,2,13
0oPQnr1r5YlBv3vN30bD,199,3,13
0oPQnr1r5YlBv3vN30bD,199,4,13
0oPQnr1r5YlBv3vN30bD,199,5,13
fpfFCxpFU9EfYGXfySew,205,1,13
fpfFCxpFU9EfYGXfySew,205,2,13
fpfFCxpFU9EfYGXfySew,205,3,13
fpfFCxpFU9EfYGXfySew,205,4,13
fpfFCxpFU9EfYGXfySew,205,5,13
eh365JtUNSjcT73MEfda,211,1,13
eh365JtUNSjcT73MEfda,211,2,13
eh365JtUNSjcT73MEfda,211,3,13
eh365JtUNSjcT73MEfda,211,4,13
eh365JtUNSjcT73MEfda,211,5,13
VUTRu34KLnxfq6bAhYvA,217,1,13
VUTRu34KLnxfq6bAhYvA,217,2,13
VUTRu34KLnxfq6bAhYvA,217,3,13
VUTRu34KLnxfq6bAhYvA,217,4,13
VUTRu34KLnxfq6bAhYvA,217,5,13
aDKFuY6wNcAQScdqcJu1,223,1,13
aDKFuY6wNcAQScdqcJu1,223,2,13
aDKFuY6wNcAQScdqcJu1,223,3,13
aDKFuY6wNcAQScdqcJu1,223,4,13
aDKFuY6wNcAQScdqcJu1,223,5,13
atdfKk8zosGArgRbxwFz,229,1,13
atdfKk8zosGArgRbxwFz,229,2,13
atdfKk8zosGArgRbxwFz,229,3,13
atdfKk8zosGArgRbxwFz,229,4,13
atdfKk8zosGArgRbxwFz,229,5,13
V270H09WexKHnffS1OgE,235,1,13
V270H09WexKHnffS1OgE,235,2,13
V270H09WexKHnffS1OgE,235,3,13
V270H09WexKHnffS1OgE,235,4,13
V270H09WexKHnffS1OgE,235,5,13
9UPZ8tengI6LZ214anrb,241,1,13
9UPZ8tengI6LZ214anrb,241,2,13
9UPZ8tengI6LZ214anrb,241,3,13
9UPZ8tengI6LZ214anrb,241,4,13
9UPZ8tengI6LZ214anrb,241,5,13
x8EDAOXQsfyLpAveC1O4,247,1,13
x8EDAOXQsfyLpAveC1O4,247,2,13
x8EDAOXQsfyLpAveC1O4,247,3,13
x8EDAOXQsfyLpAveC1O4,247,4,13
x8EDAOXQsfyLpAveC1O4,247,5,13
QBYMBHi8FAoeRRIHAAPy,253,1,13
QBYMBHi8FAoeRRIHAAPy,253,2,13
QBYMBHi8FAoeRRIHAAPy,253,3,13
QBYMBHi8FAoeRRIHAAPy,253,4,13
QBYMBHi8FAoeRRIHAAPy,253,5,13
TkPkimZQdl4MKBqC14iE,259,1,13
TkPkimZQdl4MKBqC14iE,259,2,13
TkPkimZQdl4MKBqC14iE,259,3,13
TkPkimZQdl4MKBqC14iE,259,4,13
TkPkimZQdl4MKBqC14iE,259,5,13
SxjNl7rZsjMAv2xBsBOP,265,1,13
SxjNl7rZsjMAv2xBsBOP,265,2,13
SxjNl7rZsjMAv2xBsBOP,265,3,13
SxjNl7rZsjMAv2xBsBOP,265,4,13
SxjNl7rZsjMAv2xBsBOP,265,5,13
Hh1UeEUwVQTLpw5SgRDg,271,1,13
Hh1UeEUwVQTLpw5SgRDg,271,2,13
Hh1UeEUwVQTLpw5SgRDg,271,3,13
Hh1UeEUwVQTLpw5SgRDg,271,4,13
Hh1UeEUwVQTLpw5SgRDg,271,5,13
LTGtmDutew5imYByxPRn,277,1,13
LTGtmDutew5imYByxPRn,277,2,13
LTGtmDutew5imYByxPRn,277,3,13
LTGtmDutew5imYByxPRn,277,4,13
LTGtmDutew5imYByxPRn,277,5,13
DvHlFk3Xzf2sSG5gNq3M,283,1,13
DvHlFk3Xzf2sSG5gNq3M,283,2,13
DvHlFk3Xzf2sSG5gNq3M,283,3,13
DvHlFk3Xzf2sSG5gNq3M,283,4,13
DvHlFk3Xzf2sSG5gNq3M,283,5,13
fhMVPW1J8QUCYinGJDPa,289,1,13
fhMVPW1J8QUCYinGJDPa,289,2,13
fhMVPW1J8QUCYinGJDPa,289,3,13
fhMVPW1J8QUCYinGJDPa,289,4,13
fhMVPW1J8QUCYinGJDPa,289,5,13
CUmsmIKQkEtTx5NUOSxe,295,1,13
CUmsmIKQkEtTx5NUOSxe,295,2,13
CUmsmIKQkEtTx5NUOSxe,295,3,13
CUmsmIKQkEtTx5NUOSxe,295,4,13
CUmsmIKQkEtTx5NUOSxe,295,5,13
Vo4aipZovEOCVQ1xclGg,301,1,13
Vo4aipZovEOCVQ1xclGg,301,2,13
Vo4aipZovEOCVQ1xclGg,301,3,13
Vo4aipZovEOCVQ1xclGg,301,4,13
Vo4aipZovEOCVQ1xclGg,301,5,13
hH3vqEyiI7WWAE7C3VaD,307,1,13
hH3vqEyiI7WWAE7C3VaD,307,2,13
hH3vqEyiI7WWAE7C3VaD,307,3,13
hH3vqEyiI7WWAE7C3VaD,307,4,13
hH3vqEyiI7WWAE7C3VaD,307,5,13
rArUZiij4gCe0d6T73Rb,313,1,13
rArUZiij4gCe0d6T73Rb,313,2,13
rArUZiij4gCe0d6T73Rb,313,3,13
rArUZiij4gCe0d6T73Rb,313,4,13
rArUZiij4gCe0d6T73Rb,313,5,13
FG7pm9I4DASIJ7u6t2NY,319,1,13
FG7pm9I4DASIJ7u6t2NY,319,2,13
FG7pm9I4DASIJ7u6t2NY,319,3,13
FG7pm9I4DASIJ7u6t2NY,319,4,13
FG7pm9I4DASIJ7u6t2NY,319,5,13
rLap56fohiYcrPIgW1Gr,325,1,13
rLap56fohiYcrPIgW1Gr,325,2,13
rLap56fohiYcrPIgW1Gr,325,3,13
rLap56fohiYcrPIgW1Gr,325,4,13
rLap56fohiYcrPIgW1Gr,325,5,13
a5m5XPl4RnYVOmzGbRhC,331,1,13
a5m5XPl4RnYVOmzGbRhC,331,2,13
a5m5XPl4RnYVOmzGbRhC,331,3,13
a5m5XPl4RnYVOmzGbRhC,331,4,13
a5m5XPl4RnYVOmzGbRhC,331,5,13
oXU3vhhSKjRK6YPOhk4A,337,1,13
oXU3vhhSKjRK6YPOhk4A,337,2,13
oXU3vhhSKjRK6YPOhk4A,337,3,13
oXU3vhhSKjRK6YPOhk4A,337,4,13
oXU3vhhSKjRK6YPOhk4A,337,5,13
3zfgdbjG6hD5iikQxN45,343,1,13
3zfgdbjG6hD5iikQxN45,343,2,13
3zfgdbjG6hD5iikQxN45,343,3,13
3zfgdbjG6hD5iikQxN45,343,4,13
3zfgdbjG6hD5iikQxN45,343,5,13
55Ft50pWEgH7yWkQ9H3O,349,1,13
55Ft50pWEgH7yWkQ9H3O,349,2,13
55Ft50pWEgH7yWkQ9H3O,349,3,13
55Ft50pWEgH7yWkQ9H3O,349,4,13
55Ft50pWEgH7yWkQ9H3O,349,5,13
EQCSZR7LoDZdjICUFnKz,355,1,13
EQCSZR7LoDZdjICUFnKz,355,2,13
EQCSZR7LoDZdjICUFnKz,355,3,13
EQCSZR7LoDZdjICUFnKz,355,4,13
EQCSZR7LoDZdjICUFnKz,355,5,13
gSSZM3orAJEK5c6FMh75,361,1,13
gSSZM3orAJEK5c6FMh75,361,2,13
gSSZM3orAJEK5c6FMh75,361,3,13
gSSZM3orAJEK5c6FMh75,361,4,13
gSSZM3orAJEK5c6FMh75,361,5,13
3PrELiefibfmJWiG7oL3,367,1,13
3PrELiefibfmJWiG7oL3,367,2,13
3PrELiefibfmJWiG7oL3,367,3,13
3PrELiefibfmJWiG7oL3,367,4,13
3PrELiefibfmJWiG7oL3,367,5,13
NlcjgO69OKzOxBcJTuFj,373,1,13
NlcjgO69OKzOxBcJTuFj,373,2,13
NlcjgO69OKzOxBcJTuFj,373,3,13
NlcjgO69OKzOxBcJTuFj,373,4,13
NlcjgO69OKzOxBcJTuFj,373,5,13
MzgU243aJufScROgsbQo,379,1,13
MzgU243aJufScROgsbQo,379,2,13
MzgU243aJufScROgsbQo,379,3,13
MzgU243aJufScROgsbQo,379,4,13
MzgU243aJufScROgsbQo,379,5,13
fcVE3hYJbvNkepRFhW8W,385,1,13
fcVE3hYJbvNkepRFhW8W,385,2,13
fcVE3hYJbvNkepRFhW8W,385,3,13
fcVE3hYJbvNkepRFhW8W,385,4,13
fcVE3hYJbvNkepRFhW8W,385,5,13
o99XJF8d8voVZQB34OLt,391,1,13
o99XJF8d8voVZQB34OLt,391,2,13
o99XJF8d8voVZQB34OLt,391,3,13
o99XJF8d8voVZQB34OLt,391,4,13
o99XJF8d8voVZQB34OLt,391,5,13
TGX6zH6SjKpEHdsPkRAM,397,1,13
TGX6zH6SjKpEHdsPkRAM,397,2,13
TGX6zH6SjKpEHdsPkRAM,397,3,13
TGX6zH6SjKpEHdsPkRAM,397,4,13
TGX6zH6SjKpEHdsPkRAM,397,5,13
77Hgodbk5vBeL6q6E8Zw,403,1,13
77Hgodbk5vBeL6q6E8Zw,403,2,13
77Hgodbk5vBeL6q6E8Zw,403,3,13
77Hgodbk5vBeL6q6E8Zw,403,4,13
77Hgodbk5vBeL6q6E8Zw,403,5,13
5E9hdElxneaoJAP3lcmK,409,1,13
5E9hdElxneaoJAP3lcmK,409,2,13
5E9hdElxneaoJAP3lcmK,409,3,13
5E9hdElxneaoJAP3lcmK,409,4,13
5E9hdElxneaoJAP3lcmK,409,5,13
RU7rcN6xIqAOqtLRIRTo,415,1,13
RU7rcN6xIqAOqtLRIRTo,415,2,13
RU7rcN6xIqAOqtLRIRTo,415,3,13
RU7rcN6xIqAOqtLRIRTo,415,4,13
RU7rcN6xIqAOqtLRIRTo,415,5,13
wf8NSL0tnLUyZl0dPFNH,421,1,13
wf8NSL0tnLUyZl0dPFNH,421,2,13
wf8NSL0tnLUyZl0dPFNH,421,3,13
wf8NSL0tnLUyZl0dPFNH,421,4,13
wf8NSL0tnLUyZl0dPFNH,421,5,13
n3VCJQXc4OJU545z7QDc,427,1,13
n3VCJQXc4OJU545z7QDc,427,2,13
n3VCJQXc4OJU545z7QDc,427,3,13
n3VCJQXc4OJU545z7QDc,427,4,13
n3VCJQXc4OJU545z7QDc,427,5,13
N0OGOLmHB3blU0ieI91O,433,1,13
N0OGOLmHB3blU0ieI91O,433,2,13
N0OGOLmHB3blU0ieI91O,433,3,13
N0OGOLmHB3blU0ieI91O,433,4,13
N0OGOLmHB3blU0ieI91O,433,5,13
0eRVKPqANrNM3bfd3DC5,439,1,13
0eRVKPqANrNM3bfd3DC5,439,2,13
0eRVKPqANrNM3bfd3DC5,439,3,13
0eRVKPqANrNM3bfd3DC5,439,4,13
0eRVKPqANrNM3bfd3DC5,439,5,13
jbazrYah6yA6hAFZXkSd,445,1,13
jbazrYah6yA6hAFZXkSd,445,2,13
jbazrYah6yA6hAFZXkSd,445,3,13
jbazrYah6yA6hAFZXkSd,445,4,13
jbazrYah6yA6hAFZXkSd,445,5,13
SagRRp1jRazHxutJUuIB,451,1,13
SagRRp1jRazHxutJUuIB,451,2,13
SagRRp1jRazHxutJUuIB,451,3,13
SagRRp1jRazHxutJUuIB,451,4,13
SagRRp1jRazHxutJUuIB,451,5,13
ZPJ6ABFNTJ9jj3mdpjgk,457,1,13
ZPJ6ABFNTJ9jj3mdpjgk,457,2,13
ZPJ6ABFNTJ9jj3mdpjgk,457,3,13
ZPJ6ABFNTJ9jj3mdpjgk,457,4,13
ZPJ6ABFNTJ9jj3mdpjgk,457,5,13
iYcTGbhBV6lHAoVVZfBR,463,1,13
iYcTGbhBV6lHAoVVZfBR,463,2,13
iYcTGbhBV6lHAoVVZfBR,463,3,13
iYcTGbhBV6lHAoVVZfBR,463,4,13
iYcTGbhBV6lHAoVVZfBR,463,5,13
0nprIU7RrZENrVUKL8Rf,469,1,13
0nprIU7RrZENrVUKL8Rf,469,2,13
0nprIU7RrZENrVUKL8Rf,469,3,13
0nprIU7RrZENrVUKL8Rf,469,4,13
0nprIU7RrZENrVUKL8Rf,469,5,13
nEyAQ928ougPTkZxCda0,475,1,13
nEyAQ928ougPTkZxCda0,475,2,13
nEyAQ928ougPTkZxCda0,475,3,13
nEyAQ928ougPTkZxCda0,475,4,13
nEyAQ928ougPTkZxCda0,475,5,13
1A90D30kxJabxOJPn3nE,481,1,13
1A90D30kxJabxOJPn3nE,481,2,13
1A90D30kxJabxOJPn3nE,481,3,13
1A90D30kxJabxOJPn3nE,481,4,13
1A90D30kxJabxOJPn3nE,481,5,13
CJyWKGRLVE71CnJR3f5N,487,1,13
CJyWKGRLVE71CnJR3f5N,487,2,13
CJyWKGRLVE71CnJR3f5N,487,3,13
CJyWKGRLVE71CnJR3f5N,487,4,13
CJyWKGRLVE71CnJR3f5N,487,5,13
FvBGrZenw0swG7neqsHF,493,1,13
FvBGrZenw0swG7neqsHF,493,2,13
FvBGrZenw0swG7neqsHF,493,3,13
FvBGrZenw0swG7neqsHF,493,4,13
FvBGrZenw0swG7neqsHF,493,5,13
gXTs0ci9iXDjqV5GWScT,499,1,13
gXTs0ci9iXDjqV5GWScT,499,2,13
gXTs0ci9iXDjqV5GWScT,499,3,13
gXTs0ci9iXDjqV5GWScT,499,4,13
gXTs0ci9iXDjqV5GWScT,499,5,13
7WCtLzHSA2OTJ9x5uHYw,505,1,13
7WCtLzHSA2OTJ9x5uHYw,505,2,13
7WCtLzHSA2OTJ9x5uHYw,505,3,13
7WCtLzHSA2OTJ9x5uHYw,505,4,13
7WCtLzHSA2OTJ9x5uHYw,505,5,13
X93pMFXGbe0YgqxX4gAF,511,1,13
X93pMFXGbe0YgqxX4gAF,511,2,13
X93pMFXGbe0YgqxX4gAF,511,3,13
X93pMFXGbe0YgqxX4gAF,511,4,13
X93pMFXGbe0YgqxX4gAF,511,5,13
8ackF0XnbDvheu7YVAsX,517,1,13
8ackF0XnbDvheu7YVAsX,517,2,13
8ackF0XnbDvheu7YVAsX,517,3,13
8ackF0XnbDvheu7YVAsX,517,4,13
8ackF0XnbDvheu7YVAsX,517,5,13
107lOnDmbPTmz9qKGVA2,523,1,13
107lOnDmbPTmz9qKGVA2,523,2,13
107lOnDmbPTmz9qKGVA2,523,3,13
107lOnDmbPTmz9qKGVA2,523,4,13
107lOnDmbPTmz9qKGVA2,523,5,13
AJmJp9bytl8bzXZ3op5c,529,1,13
AJmJp9bytl8bzXZ3op5c,529,2,13
AJmJp9bytl8bzXZ3op5c,529,3,13
AJmJp9bytl8bzXZ3op5c,529,4,13
AJmJp9bytl8bzXZ3op5c,529,5,13
pOaOQ5aCWpOmEUB1EHCe,535,1,13
pOaOQ5aCWpOmEUB1EHCe,535,2,13
pOaOQ5aCWpOmEUB1EHCe,535,3,13
pOaOQ5aCWpOmEUB1EHCe,535,4,13
pOaOQ5aCWpOmEUB1EHCe,535,5,13
uJz9fDRxt7Wz4ErVnZDn,541,1,13
uJz9fDRxt7Wz4ErVnZDn,541,2,13
uJz9fDRxt7Wz4ErVnZDn,541,3,13
uJz9fDRxt7Wz4ErVnZDn,541,4,13
uJz9fDRxt7Wz4ErVnZDn,541,5,13
2tTaeDoZoghKr11TnRRB,547,1,13
2tTaeDoZoghKr11TnRRB,547,2,13
2tTaeDoZoghKr11TnRRB,547,3,13
2tTaeDoZoghKr11TnRRB,547,4,13
2tTaeDoZoghKr11TnRRB,547,5,13
snUEvcMsQvXhXH4aSkMI,553,1,13
snUEvcMsQvXhXH4aSkMI,553,2,13
snUEvcMsQvXhXH4aSkMI,553,3,13
snUEvcMsQvXhXH4aSkMI,553,4,13
snUEvcMsQvXhXH4aSkMI,553,5,13
XichbBm8syn9VhSG7JGo,559,1,13
XichbBm8syn9VhSG7JGo,559,2,13
XichbBm8syn9VhSG7JGo,559,3,13
XichbBm8syn9VhSG7JGo,559,4,13
XichbBm8syn9VhSG7JGo,559,5,13
12ddqTGXjhYsDjSjsp2D,565,1,13
12ddqTGXjhYsDjSjsp2D,565,2,13
12ddqTGXjhYsDjSjsp2D,565,3,13
12ddqTGXjhYsDjSjsp2D,565,4,13
12ddqTGXjhYsDjSjsp2D,565,5,13
ifVCvwvikH0Y57Ppf9iq,571,1,13
ifVCvwvikH0Y57Ppf9iq,571,2,13
ifVCvwvikH0Y57Ppf9iq,571,3,13
ifVCvwvikH0Y57Ppf9iq,571,4,13
ifVCvwvikH0Y57Ppf9iq,571,5,13
stWxAJiRIlVaMNzd5ecz,577,1,13
stWxAJiRIlVaMNzd5ecz,577,2,13
stWxAJiRIlVaMNzd5ecz,577,3,13
stWxAJiRIlVaMNzd5ecz,577,4,13
stWxAJiRIlVaMNzd5ecz,577,5,13
2uH21WrCtjOmGbglDTaA,583,1,13
2uH21WrCtjOmGbglDTaA,583,2,13
2uH21WrCtjOmGbglDTaA,583,3,13
2uH21WrCtjOmGbglDTaA,583,4,13
2uH21WrCtjOmGbglDTaA,583,5,13
KNB0LCnQHYitoBu7IMdg,589,1,13
KNB0LCnQHYitoBu7IMdg,589,2,13
KNB0LCnQHYitoBu7IMdg,589,3,13
KNB0LCnQHYitoBu7IMdg,589,4,13
KNB0LCnQHYitoBu7IMdg,589,5,13
pL6YC91Jx5IT4L52AefW,595,1,13
pL6YC91Jx5IT4L52AefW,595,2,13
pL6YC91Jx5IT4L52AefW,595,3,13
pL6YC91Jx5IT4L52AefW,595,4,13
pL6YC91Jx5IT4L52AefW,595,5,13
U84XT13NwuuJSCg3HzSn,601,1,13
U84XT13NwuuJSCg3HzSn,601,2,13
U84XT13NwuuJSCg3HzSn,601,3,13
U84XT13NwuuJSCg3HzSn,601,4,13
U84XT13NwuuJSCg3HzSn,601,5,13
V4lXUvH8TIWaHMELMATs,607,1,13
V4lXUvH8TIWaHMELMATs,607,2,13
V4lXUvH8TIWaHMELMATs,607,3,13
V4lXUvH8TIWaHMELMATs,607,4,13
V4lXUvH8TIWaHMELMATs,607,5,13
cMVEPPnrPigFv8p5Q0Ch,613,1,13
cMVEPPnrPigFv8p5Q0Ch,613,2,13
cMVEPPnrPigFv8p5Q0Ch,613,3,13
cMVEPPnrPigFv8p5Q0Ch,613,4,13
cMVEPPnrPigFv8p5Q0Ch,613,5,13
CXAbciYaT0sw28WyOjAh,619,1,13
CXAbciYaT0sw28WyOjAh,619,2,13
CXAbciYaT0sw28WyOjAh,619,3,13
CXAbciYaT0sw28WyOjAh,619,4,13
CXAbciYaT0sw28WyOjAh,619,5,13
rFC0cZXMk2xDpTSvtSYh,625,1,13
rFC0cZXMk2xDpTSvtSYh,625,2,13
rFC0cZXMk2xDpTSvtSYh,625,3,13
rFC0cZXMk2xDpTSvtSYh,625,4,13
rFC0cZXMk2xDpTSvtSYh,625,5,13
0OE6bLY0DwvZZOvFZwTH,631,1,13
0OE6bLY0DwvZZOvFZwTH,631,2,13
0OE6bLY0DwvZZOvFZwTH,631,3,13
0OE6bLY0DwvZZOvFZwTH,631,4,13
0OE6bLY0DwvZZOvFZwTH,631,5,13
BQEKWSo23s1omEdBTm8J,637,1,13
BQEKWSo23s1omEdBTm8J,637,2,13
BQEKWSo23s1omEdBTm8J,637,3,13
BQEKWSo23s1omEdBTm8J,637,4,13
BQEKWSo23s1omEdBTm8J,637,5,13
ZerxSEV8DvCcc1VAQC7D,643,1,13
ZerxSEV8DvCcc1VAQC7D,643,2,13
ZerxSEV8DvCcc1VAQC7D,643,3,13
ZerxSEV8DvCcc1VAQC7D,643,4,13
ZerxSEV8DvCcc1VAQC7D,643,5,13
3wtRZf9HbuKoutnWjJ8P,649,1,13
3wtRZf9HbuKoutnWjJ8P,649,2,13
3wtRZf9HbuKoutnWjJ8P,649,3,13
3wtRZf9HbuKoutnWjJ8P,649,4,13
3wtRZf9HbuKoutnWjJ8P,649,5,13
rjxX1dubMB1004IDX73I,655,1,13
rjxX1dubMB1004IDX73I,655,2,13
rjxX1dubMB1004IDX73I,655,3,13
rjxX1dubMB1004IDX73I,655,4,13
rjxX1dubMB1004IDX73I,655,5,13
5DPYRXJMUTP4zzzcTdgP,661,1,13
5DPYRXJMUTP4zzzcTdgP,661,2,13
5DPYRXJMUTP4zzzcTdgP,661,3,13
5DPYRXJMUTP4zzzcTdgP,661,4,13
5DPYRXJMUTP4zzzcTdgP,661,5,13
6xiocAhL9InWzxfdA8UB,667,1,13
6xiocAhL9InWzxfdA8UB,667,2,13
6xiocAhL9InWzxfdA8UB,667,3,13
6xiocAhL9InWzxfdA8UB,667,4,13
6xiocAhL9InWzxfdA8UB,667,5,13
2UG5iPlVADtZ4DlakehJ,673,1,13
2UG5iPlVADtZ4DlakehJ,673,2,13
2UG5iPlVADtZ4DlakehJ,673,3,13
2UG5iPlVADtZ4DlakehJ,673,4,13
2UG5iPlVADtZ4DlakehJ,673,5,13
OAOTjG7nRPaZ7ncjmuko,679,1,13
OAOTjG7nRPaZ7ncjmuko,679,2,13
OAOTjG7nRPaZ7ncjmuko,679,3,13
OAOTjG7nRPaZ7ncjmuko,679,4,13
OAOTjG7nRPaZ7ncjmuko,679,5,13
KBuIn9gbWrDaLHSju56y,685,1,13
KBuIn9gbWrDaLHSju56y,685,2,13
KBuIn9gbWrDaLHSju56y,685,3,13
KBuIn9gbWrDaLHSju56y,685,4,13
KBuIn9gbWrDaLHSju56y,685,5,13
CGeFjVvBgN0R3nYL4EJg,691,1,13
CGeFjVvBgN0R3nYL4EJg,691,2,13
CGeFjVvBgN0R3nYL4EJg,691,3,13
CGeFjVvBgN0R3nYL4EJg,691,4,13
CGeFjVvBgN0R3nYL4EJg,691,5,13
RAqxnlGzVUm8go6RUvJT,697,1,13
RAqxnlGzVUm8go6RUvJT,697,2,13
RAqxnlGzVUm8go6RUvJT,697,3,13
RAqxnlGzVUm8go6RUvJT,697,4,13
RAqxnlGzVUm8go6RUvJT,697,5,13
Vv1nqil8mYgVD0REIQzU,703,1,13
Vv1nqil8mYgVD0REIQzU,703,2,13
Vv1nqil8mYgVD0REIQzU,703,3,13
Vv1nqil8mYgVD0REIQzU,703,4,13
Vv1nqil8mYgVD0REIQzU,703,5,13
40eJnRmX9j162hRnWLFP,709,1,13
40eJnRmX9j162hRnWLFP,709,2,13
40eJnRmX9j162hRnWLFP,709,3,13
40eJnRmX9j162hRnWLFP,709,4,13
40eJnRmX9j162hRnWLFP,709,5,13
riD7lR1rnN4BaFSVBFiL,715,1,13
riD7lR1rnN4BaFSVBFiL,715,2,13
riD7lR1rnN4BaFSVBFiL,715,3,13
riD7lR1rnN4BaFSVBFiL,715,4,13
riD7lR1rnN4BaFSVBFiL,715,5,13
srKiLlAyxypJe3amtLaq,721,1,13
srKiLlAyxypJe3amtLaq,721,2,13
srKiLlAyxypJe3amtLaq,721,3,13
srKiLlAyxypJe3amtLaq,721,4,13
srKiLlAyxypJe3amtLaq,721,5,13
sdsxT7qwBRHnRguZEZOF,727,1,13
sdsxT7qwBRHnRguZEZOF,727,2,13
sdsxT7qwBRHnRguZEZOF,727,3,13
sdsxT7qwBRHnRguZEZOF,727,4,13
sdsxT7qwBRHnRguZEZOF,727,5,13
s0QduEvUivRSVT8b4IAJ,733,1,13
s0QduEvUivRSVT8b4IAJ,733,2,13
s0QduEvUivRSVT8b4IAJ,733,3,13
s0QduEvUivRSVT8b4IAJ,733,4,13
s0QduEvUivRSVT8b4IAJ,733,5,13
gT3OFkxMiVPdBTNDENuF,739,1,13
gT3OFkxMiVPdBTNDENuF,739,2,13
gT3OFkxMiVPdBTNDENuF,739,3,13
gT3OFkxMiVPdBTNDENuF,739,4,13
gT3OFkxMiVPdBTNDENuF,739,5,13
4PhKTF2vbNldTepBcSvo,745,1,13
4PhKTF2vbNldTepBcSvo,745,2,13
4PhKTF2vbNldTepBcSvo,745,3,13
4PhKTF2vbNldTepBcSvo,745,4,13
4PhKTF2vbNldTepBcSvo,745,5,13
wUfHHOUTnu0IeSYFbJ0j,751,1,13
wUfHHOUTnu0IeSYFbJ0j,751,2,13
wUfHHOUTnu0IeSYFbJ0j,751,3,13
wUfHHOUTnu0IeSYFbJ0j,751,4,13
wUfHHOUTnu0IeSYFbJ0j,751,5,13
5VvaFyMpM5TdBq2ZhQcs,757,1,13
5VvaFyMpM5TdBq2ZhQcs,757,2,13
5VvaFyMpM5TdBq2ZhQcs,757,3,13
5VvaFyMpM5TdBq2ZhQcs,757,4,13
5VvaFyMpM5TdBq2ZhQcs,757,5,13
jvyY5uE7O80u36d6B9HH,763,1,13
jvyY5uE7O80u36d6B9HH,763,2,13
jvyY5uE7O80u36d6B9HH,763,3,13
jvyY5uE7O80u36d6B9HH,763,4,13
jvyY5uE7O80u36d6B9HH,763,5,13
lTKtdKF3f7eYkaXGYACx,769,1,13
lTKtdKF3f7eYkaXGYACx,769,2,13
lTKtdKF3f7eYkaXGYACx,769,3,13
lTKtdKF3f7eYkaXGYACx,769,4,13
lTKtdKF3f7eYkaXGYACx,769,5,13
1Tyxf2zea1cLNflkhIoC,775,1,13
1Tyxf2zea1cLNflkhIoC,775,2,13
1Tyxf2zea1cLNflkhIoC,775,3,13
1Tyxf2zea1cLNflkhIoC,775,4,13
1Tyxf2zea1cLNflkhIoC,775,5,13
TPEUsYTuDnBU4rvfPyNS,781,1,13
TPEUsYTuDnBU4rvfPyNS,781,2,13
TPEUsYTuDnBU4rvfPyNS,781,3,13
TPEUsYTuDnBU4rvfPyNS,781,4,13
TPEUsYTuDnBU4rvfPyNS,781,5,13
awKjwiP8k0vaSgUmjmy1,787,1,13
awKjwiP8k0vaSgUmjmy1,787,2,13
awKjwiP8k0vaSgUmjmy1,787,3,13
awKjwiP8k0vaSgUmjmy1,787,4,13
awKjwiP8k0vaSgUmjmy1,787,5,13
LfVdLJVCTZctzPDLdKmJ,793,1,13
LfVdLJVCTZctzPDLdKmJ,793,2,13
LfVdLJVCTZctzPDLdKmJ,793,3,13
LfVdLJVCTZctzPDLdKmJ,793,4,13
LfVdLJVCTZctzPDLdKmJ,793,5,13
vS1l6tWGRs0tRngMNkrV,799,1,13
vS1l6tWGRs0tRngMNkrV,799,2,13
vS1l6tWGRs0tRngMNkrV,799,3,13
vS1l6tWGRs0tRngMNkrV,799,4,13
vS1l6tWGRs0tRngMNkrV,799,5,13
7Bvea0kTbh43Lvmg46r1,805,1,13
7Bvea0kTbh43Lvmg46r1,805,2,13
7Bvea0kTbh43Lvmg46r1,805,3,13
7Bvea0kTbh43Lvmg46r1,805,4,13
7Bvea0kTbh43Lvmg46r1,805,5,13
FT88X3KuDlst0SNIhjCc,811,1,13
FT88X3KuDlst0SNIhjCc,811,2,13
FT88X3KuDlst0SNIhjCc,811,3,13
FT88X3KuDlst0SNIhjCc,811,4,13
FT88X3KuDlst0SNIhjCc,811,5,13
0nZS1OXOmdU3IGsHBSeh,817,1,13
0nZS1OXOmdU3IGsHBSeh,817,2,13
0nZS1OXOmdU3IGsHBSeh,817,3,13
0nZS1OXOmdU3IGsHBSeh,817,4,13
0nZS1OXOmdU3IGsHBSeh,817,5,13
5tJMb3hyXFsuuizFYzIz,823,1,13
5tJMb3hyXFsuuizFYzIz,823,2,13
5tJMb3hyXFsuuizFYzIz,823,3,13
5tJMb3hyXFsuuizFYzIz,823,4,13
5tJMb3hyXFsuuizFYzIz,823,5,13
WGhY3ytaovE9EaSUK2ue,829,1,13
WGhY3ytaovE9EaSUK2ue,829,2,13
WGhY3ytaovE9EaSUK2ue,829,3,13
WGhY3ytaovE9EaSUK2ue,829,4,13
WGhY3ytaovE9EaSUK2ue,829,5,13
tho4hC9yfEXK3f6r4sYq,835,1,13
tho4hC9yfEXK3f6r4sYq,835,2,13
tho4hC9yfEXK3f6r4sYq,835,3,13
tho4hC9yfEXK3f6r4sYq,835,4,13
tho4hC9yfEXK3f6r4sYq,835,5,13
TaVahwijIi7UFk2X2REK,841,1,13
TaVahwijIi7UFk2X2REK,841,2,13
TaVahwijIi7UFk2X2REK,841,3,13
TaVahwijIi7UFk2X2REK,841,4,13
TaVahwijIi7UFk2X2REK,841,5,13
qP7rA6gRC4r0zUmsHZZ5,847,1,13
qP7rA6gRC4r0zUmsHZZ5,847,2,13
qP7rA6gRC4r0zUmsHZZ5,847,3,13
qP7rA6gRC4r0zUmsHZZ5,847,4,13
qP7rA6gRC4r0zUmsHZZ5,847,5,13
MAySjkueJZfzEkEECOAg,853,1,13
MAySjkueJZfzEkEECOAg,853,2,13
MAySjkueJZfzEkEECOAg,853,3,13
MAySjkueJZfzEkEECOAg,853,4,13
MAySjkueJZfzEkEECOAg,853,5,13
PHKudABQw9Iwhm7Br3Cf,859,1,13
PHKudABQw9Iwhm7Br3Cf,859,2,13
PHKudABQw9Iwhm7Br3Cf,859,3,13
PHKudABQw9Iwhm7Br3Cf,859,4,13
PHKudABQw9Iwhm7Br3Cf,859,5,13
PRdTUTHPtQUoKVzTlRnL,865,1,13
PRdTUTHPtQUoKVzTlRnL,865,2,13
PRdTUTHPtQUoKVzTlRnL,865,3,13
PRdTUTHPtQUoKVzTlRnL,865,4,13
PRdTUTHPtQUoKVzTlRnL,865,5,13
GFee3QQOjIsivElT8uKX,871,1,13
GFee3QQOjIsivElT8uKX,871,2,13
GFee3QQOjIsivElT8uKX,871,3,13
GFee3QQOjIsivElT8uKX,871,4,13
GFee3QQOjIsivElT8uKX,871,5,13
2dC813jYrLTHHZtdV67e,877,1,13
2dC813jYrLTHHZtdV67e,877,2,13
2dC813jYrLTHHZtdV67e,877,3,13
2dC813jYrLTHHZtdV67e,877,4,13
2dC813jYrLTHHZtdV67e,877,5,13
EnruInw5Z16ZOyULOhun,883,1,13
EnruInw5Z16ZOyULOhun,883,2,13
EnruInw5Z16ZOyULOhun,883,3,13
EnruInw5Z16ZOyULOhun,883,4,13
EnruInw5Z16ZOyULOhun,883,5,13
I9yRTauZxisGdwXol067,889,1,13
I9yRTauZxisGdwXol067,889,2,13
I9yRTauZxisGdwXol067,889,3,13
I9yRTauZxisGdwXol067,889,4,13
I9yRTauZxisGdwXol067,889,5,13
rkwbCDH4JIjmnFLL0PWg,895,1,13
rkwbCDH4JIjmnFLL0PWg,895,2,13
rkwbCDH4JIjmnFLL0PWg,895,3,13
rkwbCDH4JIjmnFLL0PWg,895,4,13
rkwbCDH4JIjmnFLL0PWg,895,5,13
vQ4UMALCfS4xIn8bLpFs,901,1,13
vQ4UMALCfS4xIn8bLpFs,901,2,13
vQ4UMALCfS4xIn8bLpFs,901,3,13
vQ4UMALCfS4xIn8bLpFs,901,4,13
vQ4UMALCfS4xIn8bLpFs,901,5,13
irF3UaYVT4c1loJSiycn,907,1,13
irF3UaYVT4c1loJSiycn,907,2,13
irF3UaYVT4c1loJSiycn,907,3,13
irF3UaYVT4c1loJSiycn,907,4,13
irF3UaYVT4c1loJSiycn,907,5,13
FDFV0beMHbUN7v89Opa2,913,1,13
FDFV0beMHbUN7v89Opa2,913,2,13
FDFV0beMHbUN7v89Opa2,913,3,13
FDFV0beMHbUN7v89Opa2,913,4,13
FDFV0beMHbUN7v89Opa2,913,5,13
7zlOP13TNXNi32UvBp42,919,1,13
7zlOP13TNXNi32UvBp42,919,2,13
7zlOP13TNXNi32UvBp42,919,3,13
7zlOP13TNXNi32UvBp42,919,4,13
7zlOP13TNXNi32UvBp42,919,5,13
AWi8okCXsOTpBmtbswej,925,1,13
AWi8okCXsOTpBmtbswej,925,2,13
AWi8okCXsOTpBmtbswej,925,3,13
AWi8okCXsOTpBmtbswej,925,4,13
AWi8okCXsOTpBmtbswej,925,5,13
cDpDnaheJJguCrVeOh3o,931,1,13
cDpDnaheJJguCrVeOh3o,931,2,13
cDpDnaheJJguCrVeOh3o,931,3,13
cDpDnaheJJguCrVeOh3o,931,4,13
cDpDnaheJJguCrVeOh3o,931,5,13
JEHpCejd7npKD3BLrclF,937,1,13
JEHpCejd7npKD3BLrclF,937,2,13
JEHpCejd7npKD3BLrclF,937,3,13
JEHpCejd7npKD3BLrclF,937,4,13
JEHpCejd7npKD3BLrclF,937,5,13
q0SP86QPgvgQESbux5ex,943,1,13
q0SP86QPgvgQESbux5ex,943,2,13
q0SP86QPgvgQESbux5ex,943,3,13
q0SP86QPgvgQESbux5ex,943,4,13
q0SP86QPgvgQESbux5ex,943,5,13
fyeZ1BshF6OsIaBlwtKq,949,1,13
fyeZ1BshF6OsIaBlwtKq,949,2,13
fyeZ1BshF6OsIaBlwtKq,949,3,13
fyeZ1BshF6OsIaBlwtKq,949,4,13
fyeZ1BshF6OsIaBlwtKq,949,5,13
jbCo3gg7SPH0I0CTXZ2N,955,1,13
jbCo3gg7SPH0I0CTXZ2N,955,2,13
jbCo3gg7SPH0I0CTXZ2N,955,3,13
jbCo3gg7SPH0I0CTXZ2N,955,4,13
jbCo3gg7SPH0I0CTXZ2N,955,5,13
cNaKYrdpzpjCreVvViOU,961,1,13
cNaKYrdpzpjCreVvViOU,961,2,13
cNaKYrdpzpjCreVvViOU,961,3,13
cNaKYrdpzpjCreVvViOU,961,4,13
cNaKYrdpzpjCreVvViOU,961,5,13
GrptM52QbemETRwPFpnQ,967,1,13
GrptM52QbemETRwPFpnQ,967,2,13
GrptM52QbemETRwPFpnQ,967,3,13
GrptM52QbemETRwPFpnQ,967,4,13
GrptM52QbemETRwPFpnQ,967,5,13
SyWov2CTlwLXvNk6jY0B,973,1,13
SyWov2CTlwLXvNk6jY0B,973,2,13
SyWov2CTlwLXvNk6jY0B,973,3,13
SyWov2CTlwLXvNk6jY0B,973,4,13
SyWov2CTlwLXvNk6jY0B,973,5,13
YE7gg5UQYZQ0LOlXW5GZ,979,1,13
YE7gg5UQYZQ0LOlXW5GZ,979,2,13
YE7gg5UQYZQ0LOlXW5GZ,979,3,13
YE7gg5UQYZQ0LOlXW5GZ,979,4,13
YE7gg5UQYZQ0LOlXW5GZ,979,5,13
bF0UvH3zO8bk63zjRfJH,985,1,13
bF0UvH3zO8bk63zjRfJH,985,2,13
bF0UvH3zO8bk63zjRfJH,985,3,13
bF0UvH3zO8bk63zjRfJH,985,4,13
bF0UvH3zO8bk63zjRfJH,985,5,13
mkWy4tSz76orSXOUTAMI,991,1,13
mkWy4tSz76orSXOUTAMI,991,2,13
mkWy4tSz76orSXOUTAMI,991,3,13
mkWy4tSz76orSXOUTAMI,991,4,13
mkWy4tSz76orSXOUTAMI,991,5,13
HnD3XIQAfWanLt2JePzK,997,1,13
HnD3XIQAfWanLt2JePzK,997,2,13
HnD3XIQAfWanLt2JePzK,997,3,13
HnD3XIQAfWanLt2JePzK,997,4,13
HnD3XIQAfWanLt2JePzK,997,5,13
6cUAUcRY38l2JtMOPAXs,1003,1,13
6cUAUcRY38l2JtMOPAXs,1003,2,13
6cUAUcRY38l2JtMOPAXs,1003,3,13
6cUAUcRY38l2JtMOPAXs,1003,4,13
6cUAUcRY38l2JtMOPAXs,1003,5,13
rkanN775kGuaPvnuQBOz,1009,1,13
rkanN775kGuaPvnuQBOz,1009,2,13
rkanN775kGuaPvnuQBOz,1009,3,13
rkanN775kGuaPvnuQBOz,1009,4,13
rkanN775kGuaPvnuQBOz,1009,5,13
sUaerh8nf50SA4RyaN0p,1015,1,13
sUaerh8nf50SA4RyaN0p,1015,2,13
sUaerh8nf50SA4RyaN0p,1015,3,13
sUaerh8nf50SA4RyaN0p,1015,4,13
sUaerh8nf50SA4RyaN0p,1015,5,13
t1sTKqdTsiwmrWQtyWlE,1021,1,13
t1sTKqdTsiwmrWQtyWlE,1021,2,13
t1sTKqdTsiwmrWQtyWlE,1021,3,13
t1sTKqdTsiwmrWQtyWlE,1021,4,13
t1sTKqdTsiwmrWQtyWlE,1021,5,13
zdDiYlC8ulc96zOOlFTg,1027,1,13
zdDiYlC8ulc96zOOlFTg,1027,2,13
zdDiYlC8ulc96zOOlFTg,1027,3,13
zdDiYlC8ulc96zOOlFTg,1027,4,13
zdDiYlC8ulc96zOOlFTg,1027,5,13
m7JK6uSF5wSe94o18hhO,1033,1,13
m7JK6uSF5wSe94o18hhO,1033,2,13
m7JK6uSF5wSe94o18hhO,1033,3,13
m7JK6uSF5wSe94o18hhO,1033,4,13
m7JK6uSF5wSe94o18hhO,1033,5,13
cfucMduqFCs28T3lFQ5r,1039,1,13
cfucMduqFCs28T3lFQ5r,1039,2,13
cfucMduqFCs28T3lFQ5r,1039,3,13
cfucMduqFCs28T3lFQ5r,1039,4,13
cfucMduqFCs28T3lFQ5r,1039,5,13
84XJq3Is6R9O5e7FAmUv,1045,1,13
84XJq3Is6R9O5e7FAmUv,1045,2,13
84XJq3Is6R9O5e7FAmUv,1045,3,13
84XJq3Is6R9O5e7FAmUv,1045,4,13
84XJq3Is6R9O5e7FAmUv,1045,5,13
ulsi61gpA4EJFy1qox89,1051,1,13
ulsi61gpA4EJFy1qox89,1051,2,13
ulsi61gpA4EJFy1qox89,1051,3,13
ulsi61gpA4EJFy1qox89,1051,4,13
ulsi61gpA4EJFy1qox89,1051,5,13
UdO5imwER3oQ00kPSM3e,1057,1,13
UdO5imwER3oQ00kPSM3e,1057,2,13
UdO5imwER3oQ00kPSM3e,1057,3,13
UdO5imwER3oQ00kPSM3e,1057,4,13
UdO5imwER3oQ00kPSM3e,1057,5,13
u31EqF5SZEUr11lp1VEV,1063,1,13
u31EqF5SZEUr11lp1VEV,1063,2,13
u31EqF5SZEUr11lp1VEV,1063,3,13
u31EqF5SZEUr11lp1VEV,1063,4,13
u31EqF5SZEUr11lp1VEV,1063,5,13
T40zUAb6JE5ZpKR1Ix6M,1069,1,13
T40zUAb6JE5ZpKR1Ix6M,1069,2,13
T40zUAb6JE5ZpKR1Ix6M,1069,3,13
T40zUAb6JE5ZpKR1Ix6M,1069,4,13
T40zUAb6JE5ZpKR1Ix6M,1069,5,13
DrP37TliMCVBYdOKc0hK,1075,1,13
DrP37TliMCVBYdOKc0hK,1075,2,13
DrP37TliMCVBYdOKc0hK,1075,3,13
DrP37TliMCVBYdOKc0hK,1075,4,13
DrP37TliMCVBYdOKc0hK,1075,5,13
kGNLww7YBgpdD0POtAJM,1081,1,13
kGNLww7YBgpdD0POtAJM,1081,2,13
kGNLww7YBgpdD0POtAJM,1081,3,13
kGNLww7YBgpdD0POtAJM,1081,4,13
kGNLww7YBgpdD0POtAJM,1081,5,13
YNxmRJL4Pz06T6UrquGh,1087,1,13
YNxmRJL4Pz06T6UrquGh,1087,2,13
YNxmRJL4Pz06T6UrquGh,1087,3,13
YNxmRJL4Pz06T6UrquGh,1087,4,13
YNxmRJL4Pz06T6UrquGh,1087,5,13
uMgPkBjr22liDAvBspos,1093,1,13
uMgPkBjr22liDAvBspos,1093,2,13
uMgPkBjr22liDAvBspos,1093,3,13
uMgPkBjr22liDAvBspos,1093,4,13
uMgPkBjr22liDAvBspos,1093,5,13
ju0WjfRBQP3HrN9crw2v,1099,1,13
ju0WjfRBQP3HrN9crw2v,1099,2,13
ju0WjfRBQP3HrN9crw2v,1099,3,13
ju0WjfRBQP3HrN9crw2v,1099,4,13
ju0WjfRBQP3HrN9crw2v,1099,5,13
p2sbdG8JZl5LvqHq19bk,1105,1,13
p2sbdG8JZl5LvqHq19bk,1105,2,13
p2sbdG8JZl5LvqHq19bk,1105,3,13
p2sbdG8JZl5LvqHq19bk,1105,4,13
p2sbdG8JZl5LvqHq19bk,1105,5,13
w9rNj7T01Q2frZF0ORQ7,1111,1,13
w9rNj7T01Q2frZF0ORQ7,1111,2,13
w9rNj7T01Q2frZF0ORQ7,1111,3,13
w9rNj7T01Q2frZF0ORQ7,1111,4,13
w9rNj7T01Q2frZF0ORQ7,1111,5,13
dfIqJ7bjfLx4rUTlK6eF,1117,1,13
dfIqJ7bjfLx4rUTlK6eF,1117,2,13
dfIqJ7bjfLx4rUTlK6eF,1117,3,13
dfIqJ7bjfLx4rUTlK6eF,1117,4,13
dfIqJ7bjfLx4rUTlK6eF,1117,5,13
r6hUa9oTfOrHzDOvUpoK,1123,1,13
r6hUa9oTfOrHzDOvUpoK,1123,2,13
r6hUa9oTfOrHzDOvUpoK,1123,3,13
r6hUa9oTfOrHzDOvUpoK,1123,4,13
r6hUa9oTfOrHzDOvUpoK,1123,5,13
CwdtTAheR8EAVbJHLcWi,1129,1,13
CwdtTAheR8EAVbJHLcWi,1129,2,13
CwdtTAheR8EAVbJHLcWi,1129,3,13
CwdtTAheR8EAVbJHLcWi,1129,4,13
CwdtTAheR8EAVbJHLcWi,1129,5,13
smyrG8Yb4TVUTMVzeppN,1135,1,13
smyrG8Yb4TVUTMVzeppN,1135,2,13
smyrG8Yb4TVUTMVzeppN,1135,3,13
smyrG8Yb4TVUTMVzeppN,1135,4,13
smyrG8Yb4TVUTMVzeppN,1135,5,13
izn8zIKNZ5g9yfsmvsF9,1141,1,13
izn8zIKNZ5g9yfsmvsF9,1141,2,13
izn8zIKNZ5g9yfsmvsF9,1141,3,13
izn8zIKNZ5g9yfsmvsF9,1141,4,13
izn8zIKNZ5g9yfsmvsF9,1141,5,13
jWW0fXM9kJagfZVPo89u,1147,1,13
jWW0fXM9kJagfZVPo89u,1147,2,13
jWW0fXM9kJagfZVPo89u,1147,3,13
jWW0fXM9kJagfZVPo89u,1147,4,13
jWW0fXM9kJagfZVPo89u,1147,5,13
5XqVSuIeIAzsDS9z4WpD,1153,1,13
5XqVSuIeIAzsDS9z4WpD,1153,2,13
5XqVSuIeIAzsDS9z4WpD,1153,3,13
5XqVSuIeIAzsDS9z4WpD,1153,4,13
5XqVSuIeIAzsDS9z4WpD,1153,5,13
hMNreFpPBat7wNx702ex,1159,1,13
hMNreFpPBat7wNx702ex,1159,2,13
hMNreFpPBat7wNx702ex,1159,3,13
hMNreFpPBat7wNx702ex,1159,4,13
hMNreFpPBat7wNx702ex,1159,5,13
rjlre58LpLaWpYr4xZOe,1165,1,13
rjlre58LpLaWpYr4xZOe,1165,2,13
rjlre58LpLaWpYr4xZOe,1165,3,13
rjlre58LpLaWpYr4xZOe,1165,4,13
rjlre58LpLaWpYr4xZOe,1165,5,13
Hb0FGyCDm8DyfI9otTTA,1171,1,13
Hb0FGyCDm8DyfI9otTTA,1171,2,13
Hb0FGyCDm8DyfI9otTTA,1171,3,13
Hb0FGyCDm8DyfI9otTTA,1171,4,13
Hb0FGyCDm8DyfI9otTTA,1171,5,13
v801bKGPc010p2izXbqB,1177,1,13
v801bKGPc010p2izXbqB,1177,2,13
v801bKGPc010p2izXbqB,1177,3,13
v801bKGPc010p2izXbqB,1177,4,13
v801bKGPc010p2izXbqB,1177,5,13
cRAo0rkVPgizIwD5r4oZ,1183,1,13
cRAo0rkVPgizIwD5r4oZ,1183,2,13
cRAo0rkVPgizIwD5r4oZ,1183,3,13
cRAo0rkVPgizIwD5r4oZ,1183,4,13
cRAo0rkVPgizIwD5r4oZ,1183,5,13
r0ChjXyjhZ6t2fjiIY5T,1189,1,13
r0ChjXyjhZ6t2fjiIY5T,1189,2,13
r0ChjXyjhZ6t2fjiIY5T,1189,3,13
r0ChjXyjhZ6t2fjiIY5T,1189,4,13
r0ChjXyjhZ6t2fjiIY5T,1189,5,13
os7RYTntme3zzCMe5LEG,1195,1,13
os7RYTntme3zzCMe5LEG,1195,2,13
os7RYTntme3zzCMe5LEG,1195,3,13
os7RYTntme3zzCMe5LEG,1195,4,13
os7RYTntme3zzCMe5LEG,1195,5,13
JnhZoMGZAc6yjlvaJD52,1201,1,13
JnhZoMGZAc6yjlvaJD52,1201,2,13
JnhZoMGZAc6yjlvaJD52,1201,3,13
JnhZoMGZAc6yjlvaJD52,1201,4,13
JnhZoMGZAc6yjlvaJD52,1201,5,13
khLscaauAnd2ZCJLxANf,1207,1,13
khLscaauAnd2ZCJLxANf,1207,2,13
khLscaauAnd2ZCJLxANf,1207,3,13
khLscaauAnd2ZCJLxANf,1207,4,13
khLscaauAnd2ZCJLxANf,1207,5,13
Qck9ghm7m9IUumpyj7pd,1213,1,13
Qck9ghm7m9IUumpyj7pd,1213,2,13
Qck9ghm7m9IUumpyj7pd,1213,3,13
Qck9ghm7m9IUumpyj7pd,1213,4,13
Qck9ghm7m9IUumpyj7pd,1213,5,13
PGTNiENffyhZQ7S5gAJA,1219,1,13
PGTNiENffyhZQ7S5gAJA,1219,2,13
PGTNiENffyhZQ7S5gAJA,1219,3,13
PGTNiENffyhZQ7S5gAJA,1219,4,13
PGTNiENffyhZQ7S5gAJA,1219,5,13
3lx0TQwBIsO2w3XQU1fU,1225,1,13
3lx0TQwBIsO2w3XQU1fU,1225,2,13
3lx0TQwBIsO2w3XQU1fU,1225,3,13
3lx0TQwBIsO2w3XQU1fU,1225,4,13
3lx0TQwBIsO2w3XQU1fU,1225,5,13
geP38MXEbxN1lK5hfZLo,1231,1,13
geP38MXEbxN1lK5hfZLo,1231,2,13
geP38MXEbxN1lK5hfZLo,1231,3,13
geP38MXEbxN1lK5hfZLo,1231,4,13
geP38MXEbxN1lK5hfZLo,1231,5,13
rMJZxXTtm8Y7epxUxwBh,1237,1,13
rMJZxXTtm8Y7epxUxwBh,1237,2,13
rMJZxXTtm8Y7epxUxwBh,1237,3,13
rMJZxXTtm8Y7epxUxwBh,1237,4,13
rMJZxXTtm8Y7epxUxwBh,1237,5,13
i4DbwRwqKfveyv3lltQ5,1243,1,13
i4DbwRwqKfveyv3lltQ5,1243,2,13
i4DbwRwqKfveyv3lltQ5,1243,3,13
i4DbwRwqKfveyv3lltQ5,1243,4,13
i4DbwRwqKfveyv3lltQ5,1243,5,13
pq8PSMNBbqqoNobqPhP5,1249,1,13
pq8PSMNBbqqoNobqPhP5,1249,2,13
pq8PSMNBbqqoNobqPhP5,1249,3,13
pq8PSMNBbqqoNobqPhP5,1249,4,13
pq8PSMNBbqqoNobqPhP5,1249,5,13
xlkYcGOhwvIbLlpLdg9x,1255,1,13
xlkYcGOhwvIbLlpLdg9x,1255,2,13
xlkYcGOhwvIbLlpLdg9x,1255,3,13
xlkYcGOhwvIbLlpLdg9x,1255,4,13
xlkYcGOhwvIbLlpLdg9x,1255,5,13
wOD4MhpUcjdKeed1ECn3,1261,1,13
wOD4MhpUcjdKeed1ECn3,1261,2,13
wOD4MhpUcjdKeed1ECn3,1261,3,13
wOD4MhpUcjdKeed1ECn3,1261,4,13
wOD4MhpUcjdKeed1ECn3,1261,5,13
wNhUL92KgtDKh3ldEMhq,1267,1,13
wNhUL92KgtDKh3ldEMhq,1267,2,13
wNhUL92KgtDKh3ldEMhq,1267,3,13
wNhUL92KgtDKh3ldEMhq,1267,4,13
wNhUL92KgtDKh3ldEMhq,1267,5,13
iZnMSZwoSJBinRIDQBoy,1273,1,13
iZnMSZwoSJBinRIDQBoy,1273,2,13
iZnMSZwoSJBinRIDQBoy,1273,3,13
iZnMSZwoSJBinRIDQBoy,1273,4,13
iZnMSZwoSJBinRIDQBoy,1273,5,13
g2pLucXkza5JEJYQqyrv,1279,1,13
g2pLucXkza5JEJYQqyrv,1279,2,13
g2pLucXkza5JEJYQqyrv,1279,3,13
g2pLucXkza5JEJYQqyrv,1279,4,13
g2pLucXkza5JEJYQqyrv,1279,5,13
Q9Tdaj0vckbIPaZVLR0l,1285,1,13
Q9Tdaj0vckbIPaZVLR0l,1285,2,13
Q9Tdaj0vckbIPaZVLR0l,1285,3,13
Q9Tdaj0vckbIPaZVLR0l,1285,4,13
Q9Tdaj0vckbIPaZVLR0l,1285,5,13
uVTiJp4ZJczL4iQnX9K8,1291,1,13
uVTiJp4ZJczL4iQnX9K8,1291,2,13
uVTiJp4ZJczL4iQnX9K8,1291,3,13
uVTiJp4ZJczL4iQnX9K8,1291,4,13
uVTiJp4ZJczL4iQnX9K8,1291,5,13
92cPYsLiwbFlc5AOZPHX,1297,1,13
92cPYsLiwbFlc5AOZPHX,1297,2,13
92cPYsLiwbFlc5AOZPHX,1297,3,13
92cPYsLiwbFlc5AOZPHX,1297,4,13
92cPYsLiwbFlc5AOZPHX,1297,5,13
LLGLvHeyaaIEwkVjgJE1,1303,1,13
LLGLvHeyaaIEwkVjgJE1,1303,2,13
LLGLvHeyaaIEwkVjgJE1,1303,3,13
LLGLvHeyaaIEwkVjgJE1,1303,4,13
LLGLvHeyaaIEwkVjgJE1,1303,5,13
cHKWiT4abDd7RRjTOmok,1309,1,13
cHKWiT4abDd7RRjTOmok,1309,2,13
cHKWiT4abDd7RRjTOmok,1309,3,13
cHKWiT4abDd7RRjTOmok,1309,4,13
cHKWiT4abDd7RRjTOmok,1309,5,13
bSK4EsDf7vQkmXrZAcdk,1315,1,13
bSK4EsDf7vQkmXrZAcdk,1315,2,13
bSK4EsDf7vQkmXrZAcdk,1315,3,13
bSK4EsDf7vQkmXrZAcdk,1315,4,13
bSK4EsDf7vQkmXrZAcdk,1315,5,13
zctcz2y2Iug0zh2DWlyI,1321,1,13
zctcz2y2Iug0zh2DWlyI,1321,2,13
zctcz2y2Iug0zh2DWlyI,1321,3,13
zctcz2y2Iug0zh2DWlyI,1321,4,13
zctcz2y2Iug0zh2DWlyI,1321,5,13
vyWiqBjDihaaolWJnwSY,1327,1,13
vyWiqBjDihaaolWJnwSY,1327,2,13
vyWiqBjDihaaolWJnwSY,1327,3,13
vyWiqBjDihaaolWJnwSY,1327,4,13
vyWiqBjDihaaolWJnwSY,1327,5,13
3c5laMsqGxxO85nFW1Y7,1333,1,13
3c5laMsqGxxO85nFW1Y7,1333,2,13
3c5laMsqGxxO85nFW1Y7,1333,3,13
3c5laMsqGxxO85nFW1Y7,1333,4,13
3c5laMsqGxxO85nFW1Y7,1333,5,13
AHw7jT5taFKkz28GgYSw,1339,1,13
AHw7jT5taFKkz28GgYSw,1339,2,13
AHw7jT5taFKkz28GgYSw,1339,3,13
AHw7jT5taFKkz28GgYSw,1339,4,13
AHw7jT5taFKkz28GgYSw,1339,5,13
CcW5KsYQqmq0Em83qrZ4,1345,1,13
CcW5KsYQqmq0Em83qrZ4,1345,2,13
CcW5KsYQqmq0Em83qrZ4,1345,3,13
CcW5KsYQqmq0Em83qrZ4,1345,4,13
CcW5KsYQqmq0Em83qrZ4,1345,5,13
RIsKeOowNRCtW7hYgluF,1351,1,13
RIsKeOowNRCtW7hYgluF,1351,2,13
RIsKeOowNRCtW7hYgluF,1351,3,13
RIsKeOowNRCtW7hYgluF,1351,4,13
RIsKeOowNRCtW7hYgluF,1351,5,13
aWRPtI2zS6W747rEjCBX,1357,1,13
aWRPtI2zS6W747rEjCBX,1357,2,13
aWRPtI2zS6W747rEjCBX,1357,3,13
aWRPtI2zS6W747rEjCBX,1357,4,13
aWRPtI2zS6W747rEjCBX,1357,5,13
ZFQAjedgCskZp84zkvgX,1363,1,13
ZFQAjedgCskZp84zkvgX,1363,2,13
ZFQAjedgCskZp84zkvgX,1363,3,13
ZFQAjedgCskZp84zkvgX,1363,4,13
ZFQAjedgCskZp84zkvgX,1363,5,13
E70paqomLGx8t5kapO8X,1369,1,13
E70paqomLGx8t5kapO8X,1369,2,13
E70paqomLGx8t5kapO8X,1369,3,13
E70paqomLGx8t5kapO8X,1369,4,13
E70paqomLGx8t5kapO8X,1369,5,13
1XT6kCqDJQlMv4BGO2dT,1375,1,13
1XT6kCqDJQlMv4BGO2dT,1375,2,13
1XT6kCqDJQlMv4BGO2dT,1375,3,13
1XT6kCqDJQlMv4BGO2dT,1375,4,13
1XT6kCqDJQlMv4BGO2dT,1375,5,13
ZTtSikNIYRGdKBHijwxM,1381,1,13
ZTtSikNIYRGdKBHijwxM,1381,2,13
ZTtSikNIYRGdKBHijwxM,1381,3,13
ZTtSikNIYRGdKBHijwxM,1381,4,13
ZTtSikNIYRGdKBHijwxM,1381,5,13
GdEI92Lgn1R3dHGq7p5S,1387,1,13
GdEI92Lgn1R3dHGq7p5S,1387,2,13
GdEI92Lgn1R3dHGq7p5S,1387,3,13
GdEI92Lgn1R3dHGq7p5S,1387,4,13
GdEI92Lgn1R3dHGq7p5S,1387,5,13
MPcr8TnEPh5NezfXEhfV,1393,1,13
MPcr8TnEPh5NezfXEhfV,1393,2,13
MPcr8TnEPh5NezfXEhfV,1393,3,13
MPcr8TnEPh5NezfXEhfV,1393,4,13
MPcr8TnEPh5NezfXEhfV,1393,5,13
dtyjubMzNYTSbd1o6rPb,1399,1,13
dtyjubMzNYTSbd1o6rPb,1399,2,13
dtyjubMzNYTSbd1o6rPb,1399,3,13
dtyjubMzNYTSbd1o6rPb,1399,4,13
dtyjubMzNYTSbd1o6rPb,1399,5,13
5fH3ho81EbnvhMdIVThJ,1405,1,13
5fH3ho81EbnvhMdIVThJ,1405,2,13
5fH3ho81EbnvhMdIVThJ,1405,3,13
5fH3ho81EbnvhMdIVThJ,1405,4,13
5fH3ho81EbnvhMdIVThJ,1405,5,13
aILtyPZUHmg5tNgVtOlU,1411,1,13
aILtyPZUHmg5tNgVtOlU,1411,2,13
aILtyPZUHmg5tNgVtOlU,1411,3,13
aILtyPZUHmg5tNgVtOlU,1411,4,13
aILtyPZUHmg5tNgVtOlU,1411,5,13
rV0GKn74MvG01KGlKDNF,1417,1,13
rV0GKn74MvG01KGlKDNF,1417,2,13
rV0GKn74MvG01KGlKDNF,1417,3,13
rV0GKn74MvG01KGlKDNF,1417,4,13
rV0GKn74MvG01KGlKDNF,1417,5,13
EujZOIJbzYQu65yeoU19,1423,1,13
EujZOIJbzYQu65yeoU19,1423,2,13
EujZOIJbzYQu65yeoU19,1423,3,13
EujZOIJbzYQu65yeoU19,1423,4,13
EujZOIJbzYQu65yeoU19,1423,5,13
jEWezr4I85ogJ8pAkuC4,1429,1,13
jEWezr4I85ogJ8pAkuC4,1429,2,13
jEWezr4I85ogJ8pAkuC4,1429,3,13
jEWezr4I85ogJ8pAkuC4,1429,4,13
jEWezr4I85ogJ8pAkuC4,1429,5,13
TJSLOCL1G2fausq8GP8j,1435,1,13
TJSLOCL1G2fausq8GP8j,1435,2,13
TJSLOCL1G2fausq8GP8j,1435,3,13
TJSLOCL1G2fausq8GP8j,1435,4,13
TJSLOCL1G2fausq8GP8j,1435,5,13
cV0SkcYLsEsQ19SeNK1e,1441,1,13
cV0SkcYLsEsQ19SeNK1e,1441,2,13
cV0SkcYLsEsQ19SeNK1e,1441,3,13
cV0SkcYLsEsQ19SeNK1e,1441,4,13
cV0SkcYLsEsQ19SeNK1e,1441,5,13
THaSGM6HSVcxLEDqlUJ8,1447,1,13
THaSGM6HSVcxLEDqlUJ8,1447,2,13
THaSGM6HSVcxLEDqlUJ8,1447,3,13
THaSGM6HSVcxLEDqlUJ8,1447,4,13
THaSGM6HSVcxLEDqlUJ8,1447,5,13
hTIOAEPcpAEC42Sh1Dwa,1453,1,13
hTIOAEPcpAEC42Sh1Dwa,1453,2,13
hTIOAEPcpAEC42Sh1Dwa,1453,3,13
hTIOAEPcpAEC42Sh1Dwa,1453,4,13
hTIOAEPcpAEC42Sh1Dwa,1453,5,13
z2hKXs6rBZaQ8OHowh8L,1459,1,13
z2hKXs6rBZaQ8OHowh8L,1459,2,13
z2hKXs6rBZaQ8OHowh8L,1459,3,13
z2hKXs6rBZaQ8OHowh8L,1459,4,13
z2hKXs6rBZaQ8OHowh8L,1459,5,13
O49gUSr9kziYJiE8jhqi,1465,1,13
O49gUSr9kziYJiE8jhqi,1465,2,13
O49gUSr9kziYJiE8jhqi,1465,3,13
O49gUSr9kziYJiE8jhqi,1465,4,13
O49gUSr9kziYJiE8jhqi,1465,5,13
9VtjKDpBNeX6COm7jrHM,1471,1,13
9VtjKDpBNeX6COm7jrHM,1471,2,13
9VtjKDpBNeX6COm7jrHM,1471,3,13
9VtjKDpBNeX6COm7jrHM,1471,4,13
9VtjKDpBNeX6COm7jrHM,1471,5,13
gXlYWWI5baXqrvtVJiGG,1477,1,13
gXlYWWI5baXqrvtVJiGG,1477,2,13
gXlYWWI5baXqrvtVJiGG,1477,3,13
gXlYWWI5baXqrvtVJiGG,1477,4,13
gXlYWWI5baXqrvtVJiGG,1477,5,13
PXRVY8kBFaI8OLOWeos9,1483,1,13
PXRVY8kBFaI8OLOWeos9,1483,2,13
PXRVY8kBFaI8OLOWeos9,1483,3,13
PXRVY8kBFaI8OLOWeos9,1483,4,13
PXRVY8kBFaI8OLOWeos9,1483,5,13
U0dfdXn3355AqQJpqCEG,1489,1,13
U0dfdXn3355AqQJpqCEG,1489,2,13
U0dfdXn3355AqQJpqCEG,1489,3,13
U0dfdXn3355AqQJpqCEG,1489,4,13
U0dfdXn3355AqQJpqCEG,1489,5,13
YjoZPAh9snH65RxloeAg,1495,1,13
YjoZPAh9snH65RxloeAg,1495,2,13
YjoZPAh9snH65RxloeAg,1495,3,13
YjoZPAh9snH65RxloeAg,1495,4,13
YjoZPAh9snH65RxloeAg,1495,5,13
UNWGLm79aIRPdyavwKZH,1501,1,13
UNWGLm79aIRPdyavwKZH,1501,2,13
UNWGLm79aIRPdyavwKZH,1501,3,13
UNWGLm79aIRPdyavwKZH,1501,4,13
UNWGLm79aIRPdyavwKZH,1501,5,13
cX9AZP0270EKiVjt3onU,1507,1,13
cX9AZP0270EKiVjt3onU,1507,2,13
cX9AZP0270EKiVjt3onU,1507,3,13
cX9AZP0270EKiVjt3onU,1507,4,13
cX9AZP0270EKiVjt3onU,1507,5,13
KYp2ukSpscV6gtsgLKYU,1513,1,13
KYp2ukSpscV6gtsgLKYU,1513,2,13
KYp2ukSpscV6gtsgLKYU,1513,3,13
KYp2ukSpscV6gtsgLKYU,1513,4,13
KYp2ukSpscV6gtsgLKYU,1513,5,13
x8CS2mUpvjX5Bx90NeJT,1519,1,13
x8CS2mUpvjX5Bx90NeJT,1519,2,13
x8CS2mUpvjX5Bx90NeJT,1519,3,13
x8CS2mUpvjX5Bx90NeJT,1519,4,13
x8CS2mUpvjX5Bx90NeJT,1519,5,13
z6DnHXpA8i1lj67QOgAl,1525,1,13
z6DnHXpA8i1lj67QOgAl,1525,2,13
z6DnHXpA8i1lj67QOgAl,1525,3,13
z6DnHXpA8i1lj67QOgAl,1525,4,13
z6DnHXpA8i1lj67QOgAl,1525,5,13
ALSuS7A3cR6l4HW1YpoG,1531,1,13
ALSuS7A3cR6l4HW1YpoG,1531,2,13
ALSuS7A3cR6l4HW1YpoG,1531,3,13
ALSuS7A3cR6l4HW1YpoG,1531,4,13
ALSuS7A3cR6l4HW1YpoG,1531,5,13
jeTpQWZSB7Hm7pUSxTiY,1537,1,13
jeTpQWZSB7Hm7pUSxTiY,1537,2,13
jeTpQWZSB7Hm7pUSxTiY,1537,3,13
jeTpQWZSB7Hm7pUSxTiY,1537,4,13
jeTpQWZSB7Hm7pUSxTiY,1537,5,13
nB2OtiPGW5jbsbNmzRPY,1543,1,13
nB2OtiPGW5jbsbNmzRPY,1543,2,13
nB2OtiPGW5jbsbNmzRPY,1543,3,13
nB2OtiPGW5jbsbNmzRPY,1543,4,13
nB2OtiPGW5jbsbNmzRPY,1543,5,13
Ui4uZ883G7HTuQOnRHQg,1549,1,13
Ui4uZ883G7HTuQOnRHQg,1549,2,13
Ui4uZ883G7HTuQOnRHQg,1549,3,13
Ui4uZ883G7HTuQOnRHQg,1549,4,13
Ui4uZ883G7HTuQOnRHQg,1549,5,13
PJn08hWmXfXmUKS3cWFQ,1555,1,13
PJn08hWmXfXmUKS3cWFQ,1555,2,13
PJn08hWmXfXmUKS3cWFQ,1555,3,13
PJn08hWmXfXmUKS3cWFQ,1555,4,13
PJn08hWmXfXmUKS3cWFQ,1555,5,13
mDHKxw5CKQfnUazJmVCn,1561,1,13
mDHKxw5CKQfnUazJmVCn,1561,2,13
mDHKxw5CKQfnUazJmVCn,1561,3,13
mDHKxw5CKQfnUazJmVCn,1561,4,13
mDHKxw5CKQfnUazJmVCn,1561,5,13
MYGjPhnAykQLEWo9prgn,1567,1,13
MYGjPhnAykQLEWo9prgn,1567,2,13
MYGjPhnAykQLEWo9prgn,1567,3,13
MYGjPhnAykQLEWo9prgn,1567,4,13
MYGjPhnAykQLEWo9prgn,1567,5,13
0GyeBpFYRgmZxDglbL4Y,1573,1,13
0GyeBpFYRgmZxDglbL4Y,1573,2,13
0GyeBpFYRgmZxDglbL4Y,1573,3,13
0GyeBpFYRgmZxDglbL4Y,1573,4,13
0GyeBpFYRgmZxDglbL4Y,1573,5,13
qnFHjgXfr1O8a8cqvv7E,1579,1,13
qnFHjgXfr1O8a8cqvv7E,1579,2,13
qnFHjgXfr1O8a8cqvv7E,1579,3,13
qnFHjgXfr1O8a8cqvv7E,1579,4,13
qnFHjgXfr1O8a8cqvv7E,1579,5,13
FRUQAwcxUe8Sa3HmULEH,1585,1,13
FRUQAwcxUe8Sa3HmULEH,1585,2,13
FRUQAwcxUe8Sa3HmULEH,1585,3,13
FRUQAwcxUe8Sa3HmULEH,1585,4,13
FRUQAwcxUe8Sa3HmULEH,1585,5,13
YmyeDPtX2LOfYoYM7XaT,1591,1,13
YmyeDPtX2LOfYoYM7XaT,1591,2,13
YmyeDPtX2LOfYoYM7XaT,1591,3,13
YmyeDPtX2LOfYoYM7XaT,1591,4,13
YmyeDPtX2LOfYoYM7XaT,1591,5,13
U5B2Jg8PAixnOS7Y6jY6,1597,1,13
U5B2Jg8PAixnOS7Y6jY6,1597,2,13
U5B2Jg8PAixnOS7Y6jY6,1597,3,13
U5B2Jg8PAixnOS7Y6jY6,1597,4,13
U5B2Jg8PAixnOS7Y6jY6,1597,5,13
GFMPLgbNhMAQ5xBz6Tsi,1603,1,13
GFMPLgbNhMAQ5xBz6Tsi,1603,2,13
GFMPLgbNhMAQ5xBz6Tsi,1603,3,13
GFMPLgbNhMAQ5xBz6Tsi,1603,4,13
GFMPLgbNhMAQ5xBz6Tsi,1603,5,13
1oeL2iU1GgD1Fp5YUavJ,1609,1,13
1oeL2iU1GgD1Fp5YUavJ,1609,2,13
1oeL2iU1GgD1Fp5YUavJ,1609,3,13
1oeL2iU1GgD1Fp5YUavJ,1609,4,13
1oeL2iU1GgD1Fp5YUavJ,1609,5,13
xrq176H8XZMnEYEEbiIk,1615,1,13
xrq176H8XZMnEYEEbiIk,1615,2,13
xrq176H8XZMnEYEEbiIk,1615,3,13
xrq176H8XZMnEYEEbiIk,1615,4,13
xrq176H8XZMnEYEEbiIk,1615,5,13
eTc3gco9x1gGPp5hOQbv,1621,1,13
eTc3gco9x1gGPp5hOQbv,1621,2,13
eTc3gco9x1gGPp5hOQbv,1621,3,13
eTc3gco9x1gGPp5hOQbv,1621,4,13
eTc3gco9x1gGPp5hOQbv,1621,5,13
r5uJwm8qTjZLmcuD6Bvf,1627,1,13
r5uJwm8qTjZLmcuD6Bvf,1627,2,13
r5uJwm8qTjZLmcuD6Bvf,1627,3,13
r5uJwm8qTjZLmcuD6Bvf,1627,4,13
r5uJwm8qTjZLmcuD6Bvf,1627,5,13
QeoH6xjE5suq4YZiieMF,1633,1,13
QeoH6xjE5suq4YZiieMF,1633,2,13
QeoH6xjE5suq4YZiieMF,1633,3,13
QeoH6xjE5suq4YZiieMF,1633,4,13
QeoH6xjE5suq4YZiieMF,1633,5,13
o4heYMncq8FaorFM8n0F,1639,1,13
o4heYMncq8FaorFM8n0F,1639,2,13
o4heYMncq8FaorFM8n0F,1639,3,13
o4heYMncq8FaorFM8n0F,1639,4,13
o4heYMncq8FaorFM8n0F,1639,5,13
JTahuzhl3aj4Eh3C6OJz,1645,1,13
JTahuzhl3aj4Eh3C6OJz,1645,2,13
JTahuzhl3aj4Eh3C6OJz,1645,3,13
JTahuzhl3aj4Eh3C6OJz,1645,4,13
JTahuzhl3aj4Eh3C6OJz,1645,5,13
AH35rzI9klMh9aRFIOwl,1651,1,13
AH35rzI9klMh9aRFIOwl,1651,2,13
AH35rzI9klMh9aRFIOwl,1651,3,13
AH35rzI9klMh9aRFIOwl,1651,4,13
AH35rzI9klMh9aRFIOwl,1651,5,13
pGpKrhU3g3ZrdcvUWAjm,1657,1,13
pGpKrhU3g3ZrdcvUWAjm,1657,2,13
pGpKrhU3g3ZrdcvUWAjm,1657,3,13
pGpKrhU3g3ZrdcvUWAjm,1657,4,13
pGpKrhU3g3ZrdcvUWAjm,1657,5,13
4ocGD2kppYOhaJsyFgMa,1663,1,13
4ocGD2kppYOhaJsyFgMa,1663,2,13
4ocGD2kppYOhaJsyFgMa,1663,3,13
4ocGD2kppYOhaJsyFgMa,1663,4,13
4ocGD2kppYOhaJsyFgMa,1663,5,13
84fA6mHVSIoT07OTDZPX,1669,1,13
84fA6mHVSIoT07OTDZPX,1669,2,13
84fA6mHVSIoT07OTDZPX,1669,3,13
84fA6mHVSIoT07OTDZPX,1669,4,13
84fA6mHVSIoT07OTDZPX,1669,5,13
dSPSHhr2ZZgZJEMEr5Nu,1675,1,13
dSPSHhr2ZZgZJEMEr5Nu,1675,2,13
dSPSHhr2ZZgZJEMEr5Nu,1675,3,13
dSPSHhr2ZZgZJEMEr5Nu,1675,4,13
dSPSHhr2ZZgZJEMEr5Nu,1675,5,13
qHgs3WBf6o9PjwMeSJtJ,1681,1,13
qHgs3WBf6o9PjwMeSJtJ,1681,2,13
qHgs3WBf6o9PjwMeSJtJ,1681,3,13
qHgs3WBf6o9PjwMeSJtJ,1681,4,13
qHgs3WBf6o9PjwMeSJtJ,1681,5,13
j29dwkzjIfiuRaeeR7RS,1687,1,13
j29dwkzjIfiuRaeeR7RS,1687,2,13
j29dwkzjIfiuRaeeR7RS,1687,3,13
j29dwkzjIfiuRaeeR7RS,1687,4,13
j29dwkzjIfiuRaeeR7RS,1687,5,13
n9pk4EZRVWy4F7YG3oEh,1693,1,13
n9pk4EZRVWy4F7YG3oEh,1693,2,13
n9pk4EZRVWy4F7YG3oEh,1693,3,13
n9pk4EZRVWy4F7YG3oEh,1693,4,13
n9pk4EZRVWy4F7YG3oEh,1693,5,13
5wWcNNVFedzzcwLMkxug,1699,1,13
5wWcNNVFedzzcwLMkxug,1699,2,13
5wWcNNVFedzzcwLMkxug,1699,3,13
5wWcNNVFedzzcwLMkxug,1699,4,13
5wWcNNVFedzzcwLMkxug,1699,5,13
BqumtGmlQ5MZpeTK3Xgo,1705,1,13
BqumtGmlQ5MZpeTK3Xgo,1705,2,13
BqumtGmlQ5MZpeTK3Xgo,1705,3,13
BqumtGmlQ5MZpeTK3Xgo,1705,4,13
BqumtGmlQ5MZpeTK3Xgo,1705,5,13
G8nYzjvplmlbvorJqiJW,1711,1,13
G8nYzjvplmlbvorJqiJW,1711,2,13
G8nYzjvplmlbvorJqiJW,1711,3,13
G8nYzjvplmlbvorJqiJW,1711,4,13
G8nYzjvplmlbvorJqiJW,1711,5,13
4RnNqO51R21fOTqwl5wp,1717,1,13
4RnNqO51R21fOTqwl5wp,1717,2,13
4RnNqO51R21fOTqwl5wp,1717,3,13
4RnNqO51R21fOTqwl5wp,1717,4,13
4RnNqO51R21fOTqwl5wp,1717,5,13
ffTaJln52SKF5IKySHl0,1723,1,13
ffTaJln52SKF5IKySHl0,1723,2,13
ffTaJln52SKF5IKySHl0,1723,3,13
ffTaJln52SKF5IKySHl0,1723,4,13
ffTaJln52SKF5IKySHl0,1723,5,13
N7FkcXee8LbuVmwZpisi,1729,1,13
N7FkcXee8LbuVmwZpisi,1729,2,13
N7FkcXee8LbuVmwZpisi,1729,3,13
N7FkcXee8LbuVmwZpisi,1729,4,13
N7FkcXee8LbuVmwZpisi,1729,5,13
dJ9oW9czocu0cdJOK4Wb,1735,1,13
dJ9oW9czocu0cdJOK4Wb,1735,2,13
dJ9oW9czocu0cdJOK4Wb,1735,3,13
dJ9oW9czocu0cdJOK4Wb,1735,4,13
dJ9oW9czocu0cdJOK4Wb,1735,5,13
HlbUAb5kn8NPguwMkE8a,1741,1,13
HlbUAb5kn8NPguwMkE8a,1741,2,13
HlbUAb5kn8NPguwMkE8a,1741,3,13
HlbUAb5kn8NPguwMkE8a,1741,4,13
HlbUAb5kn8NPguwMkE8a,1741,5,13
p0Uh0xYZnQvujEeybNjw,1747,1,13
p0Uh0xYZnQvujEeybNjw,1747,2,13
p0Uh0xYZnQvujEeybNjw,1747,3,13
p0Uh0xYZnQvujEeybNjw,1747,4,13
p0Uh0xYZnQvujEeybNjw,1747,5,13
J37sLq5NI3n1XO4sR6k8,1753,1,13
J37sLq5NI3n1XO4sR6k8,1753,2,13
J37sLq5NI3n1XO4sR6k8,1753,3,13
J37sLq5NI3n1XO4sR6k8,1753,4,13
J37sLq5NI3n1XO4sR6k8,1753,5,13
YdrYoT7nLOJZCO4A8nhn,1759,1,13
YdrYoT7nLOJZCO4A8nhn,1759,2,13
YdrYoT7nLOJZCO4A8nhn,1759,3,13
YdrYoT7nLOJZCO4A8nhn,1759,4,13
YdrYoT7nLOJZCO4A8nhn,1759,5,13
qpf8drirCGiUgUgmR0UL,1765,1,13
qpf8drirCGiUgUgmR0UL,1765,2,13
qpf8drirCGiUgUgmR0UL,1765,3,13
qpf8drirCGiUgUgmR0UL,1765,4,13
qpf8drirCGiUgUgmR0UL,1765,5,13
kr81H9S87EUSxX7CICwo,1771,1,13
kr81H9S87EUSxX7CICwo,1771,2,13
kr81H9S87EUSxX7CICwo,1771,3,13
kr81H9S87EUSxX7CICwo,1771,4,13
kr81H9S87EUSxX7CICwo,1771,5,13
kBIlYYhW2Do4bnYotyNN,1777,1,13
kBIlYYhW2Do4bnYotyNN,1777,2,13
kBIlYYhW2Do4bnYotyNN,1777,3,13
kBIlYYhW2Do4bnYotyNN,1777,4,13
kBIlYYhW2Do4bnYotyNN,1777,5,13
3h5yT2AU987HJRrhSW6H,1783,1,13
3h5yT2AU987HJRrhSW6H,1783,2,13
3h5yT2AU987HJRrhSW6H,1783,3,13
3h5yT2AU987HJRrhSW6H,1783,4,13
3h5yT2AU987HJRrhSW6H,1783,5,13
ESngflJpYOHbaZVC1ZTw,1789,1,13
ESngflJpYOHbaZVC1ZTw,1789,2,13
ESngflJpYOHbaZVC1ZTw,1789,3,13
ESngflJpYOHbaZVC1ZTw,1789,4,13
ESngflJpYOHbaZVC1ZTw,1789,5,13
kUZBh87J8tpyM01uZrgk,1795,1,13
kUZBh87J8tpyM01uZrgk,1795,2,13
kUZBh87J8tpyM01uZrgk,1795,3,13
kUZBh87J8tpyM01uZrgk,1795,4,13
kUZBh87J8tpyM01uZrgk,1795,5,13
