8NeTvcvNPT2ddZ3EfwWE,966,1,3,13
8NeTvcvNPT2ddZ3EfwWE,966,2,4,13
8NeTvcvNPT2ddZ3EfwWE,967,1,3,13
8NeTvcvNPT2ddZ3EfwWE,967,2,4,13
8NeTvcvNPT2ddZ3EfwWE,968,1,3,13
8NeTvcvNPT2ddZ3EfwWE,968,2,4,13
8NeTvcvNPT2ddZ3EfwWE,969,1,3,13
8NeTvcvNPT2ddZ3EfwWE,969,2,4,13
8NeTvcvNPT2ddZ3EfwWE,970,2,4,13
8NeTvcvNPT2ddZ3EfwWE,971,2,4,13
8NeTvcvNPT2ddZ3EfwWE,972,2,4,13
8NeTvcvNPT2ddZ3EfwWE,973,2,4,13
8NeTvcvNPT2ddZ3EfwWE,974,2,4,13
8NeTvcvNPT2ddZ3EfwWE,977,1,3,13
8NeTvcvNPT2ddZ3EfwWE,977,2,4,13
8NeTvcvNPT2ddZ3EfwWE,978,1,3,13
8NeTvcvNPT2ddZ3EfwWE,978,2,4,13
8NeTvcvNPT2ddZ3EfwWE,979,1,3,13
8NeTvcvNPT2ddZ3EfwWE,979,2,4,13
8NeTvcvNPT2ddZ3EfwWE,980,1,3,13
8NeTvcvNPT2ddZ3EfwWE,980,2,4,13
pUVEqU8d6yNNCg99Y5EG,984,1,3,13
pUVEqU8d6yNNCg99Y5EG,984,2,4,13
pUVEqU8d6yNNCg99Y5EG,985,1,3,13
pUVEqU8d6yNNCg99Y5EG,985,2,4,13
pUVEqU8d6yNNCg99Y5EG,986,1,3,13
pUVEqU8d6yNNCg99Y5EG,986,2,4,13
pUVEqU8d6yNNCg99Y5EG,987,1,3,13
pUVEqU8d6yNNCg99Y5EG,987,2,4,13
pUVEqU8d6yNNCg99Y5EG,988,1,3,13
pUVEqU8d6yNNCg99Y5EG,988,2,4,13
pUVEqU8d6yNNCg99Y5EG,989,2,4,13
pUVEqU8d6yNNCg99Y5EG,990,2,4,13
pUVEqU8d6yNNCg99Y5EG,991,2,4,13
pUVEqU8d6yNNCg99Y5EG,992,2,4,13
pUVEqU8d6yNNCg99Y5EG,993,2,4,13
pUVEqU8d6yNNCg99Y5EG,994,2,4,13
pUVEqU8d6yNNCg99Y5EG,997,1,3,13
pUVEqU8d6yNNCg99Y5EG,997,2,4,13
pUVEqU8d6yNNCg99Y5EG,998,1,3,13
pUVEqU8d6yNNCg99Y5EG,998,2,4,13
pUVEqU8d6yNNCg99Y5EG,999,1,3,13
pUVEqU8d6yNNCg99Y5EG,999,2,4,13
pUVEqU8d6yNNCg99Y5EG,1000,1,3,13
pUVEqU8d6yNNCg99Y5EG,1000,2,4,13
D2XNdwXFWgZDpypWO2Cc,1004,1,3,13
D2XNdwXFWgZDpypWO2Cc,1004,2,4,13
D2XNdwXFWgZDpypWO2Cc,1005,1,3,13
D2XNdwXFWgZDpypWO2Cc,1005,2,4,13
D2XNdwXFWgZDpypWO2Cc,1006,1,3,13
D2XNdwXFWgZDpypWO2Cc,1006,2,4,13
D2XNdwXFWgZDpypWO2Cc,1007,1,3,13
D2XNdwXFWgZDpypWO2Cc,1007,2,4,13
D2XNdwXFWgZDpypWO2Cc,1008,1,3,13
D2XNdwXFWgZDpypWO2Cc,1008,2,4,13
D2XNdwXFWgZDpypWO2Cc,1009,1,3,13
D2XNdwXFWgZDpypWO2Cc,1009,2,4,13
D2XNdwXFWgZDpypWO2Cc,1010,2,4,13
D2XNdwXFWgZDpypWO2Cc,1011,2,4,13
D2XNdwXFWgZDpypWO2Cc,1012,2,4,13
D2XNdwXFWgZDpypWO2Cc,1013,2,4,13
D2XNdwXFWgZDpypWO2Cc,1014,2,4,13
D2XNdwXFWgZDpypWO2Cc,1017,1,3,13
D2XNdwXFWgZDpypWO2Cc,1017,2,4,13
D2XNdwXFWgZDpypWO2Cc,1018,1,3,13
D2XNdwXFWgZDpypWO2Cc,1018,2,4,13
D2XNdwXFWgZDpypWO2Cc,1019,1,3,13
D2XNdwXFWgZDpypWO2Cc,1019,2,4,13
D2XNdwXFWgZDpypWO2Cc,1020,1,3,13
D2XNdwXFWgZDpypWO2Cc,1020,2,4,13
rJZzggSM2voh25BCSk3G,1024,1,3,13
rJZzggSM2voh25BCSk3G,1024,2,4,13
rJZzggSM2voh25BCSk3G,1025,1,3,13
rJZzggSM2voh25BCSk3G,1025,2,4,13
rJZzggSM2voh25BCSk3G,1026,1,3,13
rJZzggSM2voh25BCSk3G,1026,2,4,13
rJZzggSM2voh25BCSk3G,1027,1,3,13
rJZzggSM2voh25BCSk3G,1027,2,4,13
rJZzggSM2voh25BCSk3G,1028,1,3,13
rJZzggSM2voh25BCSk3G,1028,2,4,13
rJZzggSM2voh25BCSk3G,1029,2,4,13
rJZzggSM2voh25BCSk3G,1030,2,4,13
rJZzggSM2voh25BCSk3G,1031,2,4,13
rJZzggSM2voh25BCSk3G,1032,2,4,13
rJZzggSM2voh25BCSk3G,1033,2,4,13
rJZzggSM2voh25BCSk3G,1034,2,4,13
rJZzggSM2voh25BCSk3G,1037,1,3,13
rJZzggSM2voh25BCSk3G,1037,2,4,13
rJZzggSM2voh25BCSk3G,1038,1,3,13
rJZzggSM2voh25BCSk3G,1038,2,4,13
rJZzggSM2voh25BCSk3G,1039,1,3,13
rJZzggSM2voh25BCSk3G,1039,2,4,13
rJZzggSM2voh25BCSk3G,1040,1,3,13
rJZzggSM2voh25BCSk3G,1040,2,4,13
rWJf22et6dqAnXPEFd5H,1044,1,3,13
rWJf22et6dqAnXPEFd5H,1044,2,4,13
rWJf22et6dqAnXPEFd5H,1045,1,3,13
rWJf22et6dqAnXPEFd5H,1045,2,4,13
rWJf22et6dqAnXPEFd5H,1046,1,3,13
rWJf22et6dqAnXPEFd5H,1046,2,4,13
rWJf22et6dqAnXPEFd5H,1047,1,3,13
rWJf22et6dqAnXPEFd5H,1047,2,4,13
rWJf22et6dqAnXPEFd5H,1048,1,3,13
rWJf22et6dqAnXPEFd5H,1048,2,4,13
rWJf22et6dqAnXPEFd5H,1049,2,4,13
rWJf22et6dqAnXPEFd5H,1050,2,4,13
rWJf22et6dqAnXPEFd5H,1051,2,4,13
rWJf22et6dqAnXPEFd5H,1052,2,4,13
rWJf22et6dqAnXPEFd5H,1053,2,4,13
rWJf22et6dqAnXPEFd5H,1054,2,4,13
rWJf22et6dqAnXPEFd5H,1057,1,3,13
rWJf22et6dqAnXPEFd5H,1057,2,4,13
rWJf22et6dqAnXPEFd5H,1058,1,3,13
rWJf22et6dqAnXPEFd5H,1058,2,4,13
rWJf22et6dqAnXPEFd5H,1059,1,3,13
rWJf22et6dqAnXPEFd5H,1059,2,4,13
rWJf22et6dqAnXPEFd5H,1060,1,3,13
rWJf22et6dqAnXPEFd5H,1060,2,4,13
mlYeNImhTZmrDzz7l18D,1064,1,3,13
mlYeNImhTZmrDzz7l18D,1064,2,4,13
mlYeNImhTZmrDzz7l18D,1065,1,3,13
mlYeNImhTZmrDzz7l18D,1065,2,4,13
mlYeNImhTZmrDzz7l18D,1066,1,3,13
mlYeNImhTZmrDzz7l18D,1066,2,4,13
mlYeNImhTZmrDzz7l18D,1067,1,3,13
mlYeNImhTZmrDzz7l18D,1067,2,4,13
mlYeNImhTZmrDzz7l18D,1068,1,3,13
mlYeNImhTZmrDzz7l18D,1068,2,4,13
mlYeNImhTZmrDzz7l18D,1069,2,4,13
mlYeNImhTZmrDzz7l18D,1070,2,4,13
mlYeNImhTZmrDzz7l18D,1071,2,4,13
mlYeNImhTZmrDzz7l18D,1072,2,4,13
mlYeNImhTZmrDzz7l18D,1073,2,4,13
mlYeNImhTZmrDzz7l18D,1074,2,4,13
mlYeNImhTZmrDzz7l18D,1077,1,3,13
mlYeNImhTZmrDzz7l18D,1077,2,4,13
mlYeNImhTZmrDzz7l18D,1078,1,3,13
mlYeNImhTZmrDzz7l18D,1078,2,4,13
mlYeNImhTZmrDzz7l18D,1079,1,3,13
mlYeNImhTZmrDzz7l18D,1079,2,4,13
mlYeNImhTZmrDzz7l18D,1080,1,3,13
mlYeNImhTZmrDzz7l18D,1080,2,4,13
pdxV40f4Toi904YeGwzr,1084,1,3,13
pdxV40f4Toi904YeGwzr,1084,2,4,13
pdxV40f4Toi904YeGwzr,1085,1,3,13
pdxV40f4Toi904YeGwzr,1085,2,4,13
pdxV40f4Toi904YeGwzr,1086,1,3,13
pdxV40f4Toi904YeGwzr,1086,2,4,13
pdxV40f4Toi904YeGwzr,1087,1,3,13
pdxV40f4Toi904YeGwzr,1087,2,4,13
pdxV40f4Toi904YeGwzr,1088,1,3,13
pdxV40f4Toi904YeGwzr,1088,2,4,13
pdxV40f4Toi904YeGwzr,1089,2,4,13
pdxV40f4Toi904YeGwzr,1090,2,4,13
pdxV40f4Toi904YeGwzr,1091,2,4,13
pdxV40f4Toi904YeGwzr,1092,2,4,13
pdxV40f4Toi904YeGwzr,1093,2,4,13
pdxV40f4Toi904YeGwzr,1094,2,4,13
pdxV40f4Toi904YeGwzr,1097,1,3,13
pdxV40f4Toi904YeGwzr,1097,2,4,13
pdxV40f4Toi904YeGwzr,1098,1,3,13
pdxV40f4Toi904YeGwzr,1098,2,4,13
pdxV40f4Toi904YeGwzr,1099,1,3,13
pdxV40f4Toi904YeGwzr,1099,2,4,13
pdxV40f4Toi904YeGwzr,1100,1,3,13
pdxV40f4Toi904YeGwzr,1100,2,4,13
VoZlxKC8zLgqpt2X7Nq5,1104,1,3,13
VoZlxKC8zLgqpt2X7Nq5,1104,2,4,13
VoZlxKC8zLgqpt2X7Nq5,1105,1,3,13
VoZlxKC8zLgqpt2X7Nq5,1105,2,4,13
VoZlxKC8zLgqpt2X7Nq5,1106,1,3,13
VoZlxKC8zLgqpt2X7Nq5,1106,2,4,13
VoZlxKC8zLgqpt2X7Nq5,1107,1,3,13
VoZlxKC8zLgqpt2X7Nq5,1107,2,4,13
VoZlxKC8zLgqpt2X7Nq5,1108,1,3,13
VoZlxKC8zLgqpt2X7Nq5,1108,2,4,13
VoZlxKC8zLgqpt2X7Nq5,1109,2,4,13
VoZlxKC8zLgqpt2X7Nq5,1110,2,4,13
VoZlxKC8zLgqpt2X7Nq5,1111,2,4,13
VoZlxKC8zLgqpt2X7Nq5,1112,2,4,13
VoZlxKC8zLgqpt2X7Nq5,1113,2,4,13
VoZlxKC8zLgqpt2X7Nq5,1114,2,4,13
VoZlxKC8zLgqpt2X7Nq5,1117,1,3,13
VoZlxKC8zLgqpt2X7Nq5,1117,2,4,13
VoZlxKC8zLgqpt2X7Nq5,1118,1,3,13
VoZlxKC8zLgqpt2X7Nq5,1118,2,4,13
VoZlxKC8zLgqpt2X7Nq5,1119,1,3,13
VoZlxKC8zLgqpt2X7Nq5,1119,2,4,13
VoZlxKC8zLgqpt2X7Nq5,1120,1,3,13
VoZlxKC8zLgqpt2X7Nq5,1120,2,4,13
oZNeT6QUvKaGTjlYhjY3,1124,1,3,13
oZNeT6QUvKaGTjlYhjY3,1124,2,4,13
oZNeT6QUvKaGTjlYhjY3,1125,1,3,13
oZNeT6QUvKaGTjlYhjY3,1125,2,4,13
oZNeT6QUvKaGTjlYhjY3,1126,1,3,13
oZNeT6QUvKaGTjlYhjY3,1126,2,4,13
oZNeT6QUvKaGTjlYhjY3,1127,1,3,13
oZNeT6QUvKaGTjlYhjY3,1127,2,4,13
oZNeT6QUvKaGTjlYhjY3,1128,1,3,13
oZNeT6QUvKaGTjlYhjY3,1128,2,4,13
oZNeT6QUvKaGTjlYhjY3,1129,2,4,13
oZNeT6QUvKaGTjlYhjY3,1130,2,4,13
oZNeT6QUvKaGTjlYhjY3,1131,2,4,13
oZNeT6QUvKaGTjlYhjY3,1132,2,4,13
oZNeT6QUvKaGTjlYhjY3,1133,2,4,13
oZNeT6QUvKaGTjlYhjY3,1134,2,4,13
oZNeT6QUvKaGTjlYhjY3,1137,1,3,13
oZNeT6QUvKaGTjlYhjY3,1137,2,4,13
oZNeT6QUvKaGTjlYhjY3,1138,1,3,13
oZNeT6QUvKaGTjlYhjY3,1138,2,4,13
oZNeT6QUvKaGTjlYhjY3,1139,1,3,13
oZNeT6QUvKaGTjlYhjY3,1139,2,4,13
oZNeT6QUvKaGTjlYhjY3,1140,1,3,13
oZNeT6QUvKaGTjlYhjY3,1140,2,4,13
DJjxuWyK0s7sEpx3hNc8,1144,1,3,13
DJjxuWyK0s7sEpx3hNc8,1144,2,4,13
DJjxuWyK0s7sEpx3hNc8,1145,1,3,13
DJjxuWyK0s7sEpx3hNc8,1145,2,4,13
DJjxuWyK0s7sEpx3hNc8,1146,1,3,13
DJjxuWyK0s7sEpx3hNc8,1146,2,4,13
DJjxuWyK0s7sEpx3hNc8,1147,1,3,13
DJjxuWyK0s7sEpx3hNc8,1147,2,4,13
DJjxuWyK0s7sEpx3hNc8,1148,1,3,13
DJjxuWyK0s7sEpx3hNc8,1148,2,4,13
DJjxuWyK0s7sEpx3hNc8,1149,2,4,13
DJjxuWyK0s7sEpx3hNc8,1150,2,4,13
DJjxuWyK0s7sEpx3hNc8,1151,2,4,13
DJjxuWyK0s7sEpx3hNc8,1152,2,4,13
DJjxuWyK0s7sEpx3hNc8,1153,2,4,13
DJjxuWyK0s7sEpx3hNc8,1154,2,4,13
DJjxuWyK0s7sEpx3hNc8,1157,1,3,13
DJjxuWyK0s7sEpx3hNc8,1157,2,4,13
DJjxuWyK0s7sEpx3hNc8,1158,1,3,13
DJjxuWyK0s7sEpx3hNc8,1158,2,4,13
DJjxuWyK0s7sEpx3hNc8,1159,1,3,13
DJjxuWyK0s7sEpx3hNc8,1159,2,4,13
DJjxuWyK0s7sEpx3hNc8,1160,1,3,13
DJjxuWyK0s7sEpx3hNc8,1160,2,4,13
W9zuMAK0dbsKOEg6nbzf,1164,1,3,13
W9zuMAK0dbsKOEg6nbzf,1164,2,4,13
W9zuMAK0dbsKOEg6nbzf,1165,1,3,13
W9zuMAK0dbsKOEg6nbzf,1165,2,4,13
W9zuMAK0dbsKOEg6nbzf,1166,1,3,13
W9zuMAK0dbsKOEg6nbzf,1166,2,4,13
W9zuMAK0dbsKOEg6nbzf,1167,1,3,13
W9zuMAK0dbsKOEg6nbzf,1167,2,4,13
W9zuMAK0dbsKOEg6nbzf,1168,2,4,13
W9zuMAK0dbsKOEg6nbzf,1169,2,4,13
W9zuMAK0dbsKOEg6nbzf,1170,2,4,13
W9zuMAK0dbsKOEg6nbzf,1171,2,4,13
W9zuMAK0dbsKOEg6nbzf,1172,2,4,13
W9zuMAK0dbsKOEg6nbzf,1173,2,4,13
W9zuMAK0dbsKOEg6nbzf,1174,2,4,13
W9zuMAK0dbsKOEg6nbzf,1177,1,3,13
W9zuMAK0dbsKOEg6nbzf,1177,2,4,13
W9zuMAK0dbsKOEg6nbzf,1178,1,3,13
W9zuMAK0dbsKOEg6nbzf,1178,2,4,13
W9zuMAK0dbsKOEg6nbzf,1179,1,3,13
W9zuMAK0dbsKOEg6nbzf,1179,2,4,13
W9zuMAK0dbsKOEg6nbzf,1180,1,3,13
W9zuMAK0dbsKOEg6nbzf,1180,2,4,13
OCpb3LzUOqvDdHcGw9Pd,1184,1,3,13
OCpb3LzUOqvDdHcGw9Pd,1184,2,4,13
OCpb3LzUOqvDdHcGw9Pd,1185,1,3,13
OCpb3LzUOqvDdHcGw9Pd,1185,2,4,13
OCpb3LzUOqvDdHcGw9Pd,1186,1,3,13
OCpb3LzUOqvDdHcGw9Pd,1186,2,4,13
OCpb3LzUOqvDdHcGw9Pd,1187,1,3,13
OCpb3LzUOqvDdHcGw9Pd,1187,2,4,13
OCpb3LzUOqvDdHcGw9Pd,1188,2,4,13
OCpb3LzUOqvDdHcGw9Pd,1189,2,4,13
OCpb3LzUOqvDdHcGw9Pd,1190,2,4,13
OCpb3LzUOqvDdHcGw9Pd,1191,2,4,13
OCpb3LzUOqvDdHcGw9Pd,1192,2,4,13
OCpb3LzUOqvDdHcGw9Pd,1193,2,4,13
OCpb3LzUOqvDdHcGw9Pd,1194,2,4,13
OCpb3LzUOqvDdHcGw9Pd,1197,1,3,13
OCpb3LzUOqvDdHcGw9Pd,1197,2,4,13
OCpb3LzUOqvDdHcGw9Pd,1198,1,3,13
OCpb3LzUOqvDdHcGw9Pd,1198,2,4,13
OCpb3LzUOqvDdHcGw9Pd,1199,1,3,13
OCpb3LzUOqvDdHcGw9Pd,1199,2,4,13
OCpb3LzUOqvDdHcGw9Pd,1200,1,3,13
OCpb3LzUOqvDdHcGw9Pd,1200,2,4,13
vJZt4Gbn2Yq3Y3MWxFly,1204,1,3,13
vJZt4Gbn2Yq3Y3MWxFly,1204,2,4,13
vJZt4Gbn2Yq3Y3MWxFly,1205,1,3,13
vJZt4Gbn2Yq3Y3MWxFly,1205,2,4,13
vJZt4Gbn2Yq3Y3MWxFly,1206,1,3,13
vJZt4Gbn2Yq3Y3MWxFly,1206,2,4,13
vJZt4Gbn2Yq3Y3MWxFly,1207,1,3,13
vJZt4Gbn2Yq3Y3MWxFly,1207,2,4,13
vJZt4Gbn2Yq3Y3MWxFly,1208,2,4,13
vJZt4Gbn2Yq3Y3MWxFly,1209,2,4,13
vJZt4Gbn2Yq3Y3MWxFly,1210,2,4,13
vJZt4Gbn2Yq3Y3MWxFly,1211,2,4,13
vJZt4Gbn2Yq3Y3MWxFly,1212,2,4,13
vJZt4Gbn2Yq3Y3MWxFly,1213,2,4,13
vJZt4Gbn2Yq3Y3MWxFly,1214,2,4,13
vJZt4Gbn2Yq3Y3MWxFly,1217,1,3,13
vJZt4Gbn2Yq3Y3MWxFly,1217,2,4,13
vJZt4Gbn2Yq3Y3MWxFly,1218,1,3,13
vJZt4Gbn2Yq3Y3MWxFly,1218,2,4,13
vJZt4Gbn2Yq3Y3MWxFly,1219,1,3,13
vJZt4Gbn2Yq3Y3MWxFly,1219,2,4,13
vJZt4Gbn2Yq3Y3MWxFly,1220,1,3,13
vJZt4Gbn2Yq3Y3MWxFly,1220,2,4,13
XZGGItkgI4902PJi83ZQ,1224,1,3,13
XZGGItkgI4902PJi83ZQ,1224,2,4,13
XZGGItkgI4902PJi83ZQ,1225,1,3,13
XZGGItkgI4902PJi83ZQ,1225,2,4,13
XZGGItkgI4902PJi83ZQ,1226,1,3,13
XZGGItkgI4902PJi83ZQ,1226,2,4,13
XZGGItkgI4902PJi83ZQ,1227,2,4,13
XZGGItkgI4902PJi83ZQ,1228,2,4,13
XZGGItkgI4902PJi83ZQ,1229,2,4,13
XZGGItkgI4902PJi83ZQ,1230,2,4,13
XZGGItkgI4902PJi83ZQ,1231,2,4,13
XZGGItkgI4902PJi83ZQ,1232,2,4,13
XZGGItkgI4902PJi83ZQ,1233,2,4,13
XZGGItkgI4902PJi83ZQ,1234,2,4,13
XZGGItkgI4902PJi83ZQ,1237,1,3,13
XZGGItkgI4902PJi83ZQ,1237,2,4,13
XZGGItkgI4902PJi83ZQ,1238,1,3,13
XZGGItkgI4902PJi83ZQ,1238,2,4,13
XZGGItkgI4902PJi83ZQ,1239,1,3,13
XZGGItkgI4902PJi83ZQ,1239,2,4,13
XZGGItkgI4902PJi83ZQ,1240,1,3,13
XZGGItkgI4902PJi83ZQ,1240,2,4,13
rG7KmHBuCXpnmXJ1rdie,1244,1,3,13
rG7KmHBuCXpnmXJ1rdie,1244,2,4,13
rG7KmHBuCXpnmXJ1rdie,1245,1,3,13
rG7KmHBuCXpnmXJ1rdie,1245,2,4,13
rG7KmHBuCXpnmXJ1rdie,1246,1,3,13
rG7KmHBuCXpnmXJ1rdie,1246,2,4,13
rG7KmHBuCXpnmXJ1rdie,1247,2,4,13
rG7KmHBuCXpnmXJ1rdie,1248,2,4,13
rG7KmHBuCXpnmXJ1rdie,1249,2,4,13
rG7KmHBuCXpnmXJ1rdie,1250,2,4,13
rG7KmHBuCXpnmXJ1rdie,1251,2,4,13
rG7KmHBuCXpnmXJ1rdie,1252,2,4,13
rG7KmHBuCXpnmXJ1rdie,1253,2,4,13
rG7KmHBuCXpnmXJ1rdie,1254,2,4,13
rG7KmHBuCXpnmXJ1rdie,1257,1,3,13
rG7KmHBuCXpnmXJ1rdie,1257,2,4,13
rG7KmHBuCXpnmXJ1rdie,1258,1,3,13
rG7KmHBuCXpnmXJ1rdie,1258,2,4,13
rG7KmHBuCXpnmXJ1rdie,1259,1,3,13
rG7KmHBuCXpnmXJ1rdie,1259,2,4,13
rG7KmHBuCXpnmXJ1rdie,1260,1,3,13
rG7KmHBuCXpnmXJ1rdie,1260,2,4,13
p5awznBVg18u4dVsTTjn,1264,1,3,13
p5awznBVg18u4dVsTTjn,1264,2,4,13
p5awznBVg18u4dVsTTjn,1265,1,3,13
p5awznBVg18u4dVsTTjn,1265,2,4,13
p5awznBVg18u4dVsTTjn,1266,1,3,13
p5awznBVg18u4dVsTTjn,1266,2,4,13
p5awznBVg18u4dVsTTjn,1267,2,4,13
p5awznBVg18u4dVsTTjn,1268,2,4,13
p5awznBVg18u4dVsTTjn,1269,2,4,13
p5awznBVg18u4dVsTTjn,1270,2,4,13
p5awznBVg18u4dVsTTjn,1271,2,4,13
p5awznBVg18u4dVsTTjn,1272,2,4,13
p5awznBVg18u4dVsTTjn,1277,1,3,13
p5awznBVg18u4dVsTTjn,1277,2,4,13
p5awznBVg18u4dVsTTjn,1278,1,3,13
p5awznBVg18u4dVsTTjn,1278,2,4,13
p5awznBVg18u4dVsTTjn,1279,1,3,13
p5awznBVg18u4dVsTTjn,1279,2,4,13
p5awznBVg18u4dVsTTjn,1280,1,3,13
p5awznBVg18u4dVsTTjn,1280,2,4,13
ROGFb3JrMFAJSTZiEIxV,1284,1,3,13
ROGFb3JrMFAJSTZiEIxV,1284,2,4,13
ROGFb3JrMFAJSTZiEIxV,1285,1,3,13
ROGFb3JrMFAJSTZiEIxV,1285,2,4,13
ROGFb3JrMFAJSTZiEIxV,1286,1,3,13
ROGFb3JrMFAJSTZiEIxV,1286,2,4,13
ROGFb3JrMFAJSTZiEIxV,1287,2,4,13
ROGFb3JrMFAJSTZiEIxV,1288,2,4,13
ROGFb3JrMFAJSTZiEIxV,1289,2,4,13
ROGFb3JrMFAJSTZiEIxV,1290,2,4,13
ROGFb3JrMFAJSTZiEIxV,1291,2,4,13
ROGFb3JrMFAJSTZiEIxV,1292,2,4,13
ROGFb3JrMFAJSTZiEIxV,1293,2,4,13
ROGFb3JrMFAJSTZiEIxV,1297,1,3,13
ROGFb3JrMFAJSTZiEIxV,1297,2,4,13
ROGFb3JrMFAJSTZiEIxV,1298,1,3,13
ROGFb3JrMFAJSTZiEIxV,1298,2,4,13
ROGFb3JrMFAJSTZiEIxV,1299,1,3,13
ROGFb3JrMFAJSTZiEIxV,1299,2,4,13
ROGFb3JrMFAJSTZiEIxV,1300,1,3,13
ROGFb3JrMFAJSTZiEIxV,1300,2,4,13
9FBk8P18BUFodt0M0sas,1304,1,3,13
9FBk8P18BUFodt0M0sas,1304,2,4,13
9FBk8P18BUFodt0M0sas,1305,1,3,13
9FBk8P18BUFodt0M0sas,1305,2,4,13
9FBk8P18BUFodt0M0sas,1306,2,4,13
9FBk8P18BUFodt0M0sas,1307,2,4,13
9FBk8P18BUFodt0M0sas,1308,2,4,13
9FBk8P18BUFodt0M0sas,1309,2,4,13
9FBk8P18BUFodt0M0sas,1310,2,4,13
9FBk8P18BUFodt0M0sas,1311,2,4,13
9FBk8P18BUFodt0M0sas,1317,1,3,13
9FBk8P18BUFodt0M0sas,1317,2,4,13
9FBk8P18BUFodt0M0sas,1318,1,3,13
9FBk8P18BUFodt0M0sas,1318,2,4,13
9FBk8P18BUFodt0M0sas,1319,1,3,13
9FBk8P18BUFodt0M0sas,1319,2,4,13
9FBk8P18BUFodt0M0sas,1320,1,3,13
9FBk8P18BUFodt0M0sas,1320,2,4,13
BMpVzg9hIq5O0dC5HCwV,1324,1,3,13
BMpVzg9hIq5O0dC5HCwV,1324,2,4,13
BMpVzg9hIq5O0dC5HCwV,1325,1,3,13
BMpVzg9hIq5O0dC5HCwV,1325,2,4,13
BMpVzg9hIq5O0dC5HCwV,1326,2,4,13
BMpVzg9hIq5O0dC5HCwV,1327,2,4,13
BMpVzg9hIq5O0dC5HCwV,1328,2,4,13
BMpVzg9hIq5O0dC5HCwV,1329,2,4,13
BMpVzg9hIq5O0dC5HCwV,1330,2,4,13
BMpVzg9hIq5O0dC5HCwV,1337,1,3,13
BMpVzg9hIq5O0dC5HCwV,1337,2,4,13
BMpVzg9hIq5O0dC5HCwV,1338,1,3,13
BMpVzg9hIq5O0dC5HCwV,1338,2,4,13
BMpVzg9hIq5O0dC5HCwV,1339,1,3,13
BMpVzg9hIq5O0dC5HCwV,1339,2,4,13
BMpVzg9hIq5O0dC5HCwV,1340,1,3,13
BMpVzg9hIq5O0dC5HCwV,1340,2,4,13
tUb9XPi1Oka8ephHMKnb,1344,1,3,13
tUb9XPi1Oka8ephHMKnb,1344,2,4,13
tUb9XPi1Oka8ephHMKnb,1345,2,4,13
tUb9XPi1Oka8ephHMKnb,1346,2,4,13
tUb9XPi1Oka8ephHMKnb,1347,2,4,13
tUb9XPi1Oka8ephHMKnb,1348,2,4,13
tUb9XPi1Oka8ephHMKnb,1349,2,4,13
tUb9XPi1Oka8ephHMKnb,1350,2,4,13
tUb9XPi1Oka8ephHMKnb,1357,1,3,13
tUb9XPi1Oka8ephHMKnb,1357,2,4,13
tUb9XPi1Oka8ephHMKnb,1358,1,3,13
tUb9XPi1Oka8ephHMKnb,1358,2,4,13
tUb9XPi1Oka8ephHMKnb,1359,1,3,13
tUb9XPi1Oka8ephHMKnb,1359,2,4,13
tUb9XPi1Oka8ephHMKnb,1360,1,3,13
tUb9XPi1Oka8ephHMKnb,1360,2,4,13
Sv3jliwVdn7oKJXeceUb,1364,1,3,13
Sv3jliwVdn7oKJXeceUb,1364,2,4,13
Sv3jliwVdn7oKJXeceUb,1365,2,4,13
Sv3jliwVdn7oKJXeceUb,1366,2,4,13
Sv3jliwVdn7oKJXeceUb,1367,2,4,13
Sv3jliwVdn7oKJXeceUb,1368,2,4,13
Sv3jliwVdn7oKJXeceUb,1369,2,4,13
