LHV8BBA3K2WtvnJtwJkb,183,1,13
LHV8BBA3K2WtvnJtwJkb,183,2,13
LHV8BBA3K2WtvnJtwJkb,183,3,13
LHV8BBA3K2WtvnJtwJkb,183,4,13
LHV8BBA3K2WtvnJtwJkb,183,5,13
LHV8BBA3K2WtvnJtwJkb,189,1,13
LHV8BBA3K2WtvnJtwJkb,189,2,13
LHV8BBA3K2WtvnJtwJkb,189,3,13
LHV8BBA3K2WtvnJtwJkb,189,4,13
LHV8BBA3K2WtvnJtwJkb,189,5,13
0lkA0GzcT2igg2skm59N,195,1,13
0lkA0GzcT2igg2skm59N,195,2,13
0lkA0GzcT2igg2skm59N,195,3,13
0lkA0GzcT2igg2skm59N,195,4,13
0lkA0GzcT2igg2skm59N,195,5,13
0lkA0GzcT2igg2skm59N,201,1,13
0lkA0GzcT2igg2skm59N,201,2,13
0lkA0GzcT2igg2skm59N,201,3,13
0lkA0GzcT2igg2skm59N,201,4,13
0lkA0GzcT2igg2skm59N,201,5,13
N5AJYt8xt9NInGIj6SEy,207,1,13
N5AJYt8xt9NInGIj6SEy,207,2,13
N5AJYt8xt9NInGIj6SEy,207,3,13
N5AJYt8xt9NInGIj6SEy,207,4,13
N5AJYt8xt9NInGIj6SEy,207,5,13
N5AJYt8xt9NInGIj6SEy,213,1,13
N5AJYt8xt9NInGIj6SEy,213,2,13
N5AJYt8xt9NInGIj6SEy,213,3,13
N5AJYt8xt9NInGIj6SEy,213,4,13
N5AJYt8xt9NInGIj6SEy,213,5,13
VIT5NfjzadzNc5fFGbYI,219,1,13
VIT5NfjzadzNc5fFGbYI,219,2,13
VIT5NfjzadzNc5fFGbYI,219,3,13
VIT5NfjzadzNc5fFGbYI,219,4,13
VIT5NfjzadzNc5fFGbYI,219,5,13
VIT5NfjzadzNc5fFGbYI,225,1,13
VIT5NfjzadzNc5fFGbYI,225,2,13
VIT5NfjzadzNc5fFGbYI,225,3,13
VIT5NfjzadzNc5fFGbYI,225,4,13
VIT5NfjzadzNc5fFGbYI,225,5,13
QxNmeQxfNpWFEWSP3ng7,231,1,13
QxNmeQxfNpWFEWSP3ng7,231,2,13
QxNmeQxfNpWFEWSP3ng7,231,3,13
QxNmeQxfNpWFEWSP3ng7,231,4,13
QxNmeQxfNpWFEWSP3ng7,231,5,13
QxNmeQxfNpWFEWSP3ng7,237,1,13
QxNmeQxfNpWFEWSP3ng7,237,2,13
QxNmeQxfNpWFEWSP3ng7,237,3,13
QxNmeQxfNpWFEWSP3ng7,237,4,13
QxNmeQxfNpWFEWSP3ng7,237,5,13
VuUomXjIruP9oMonQx2o,243,1,13
VuUomXjIruP9oMonQx2o,243,2,13
VuUomXjIruP9oMonQx2o,243,3,13
VuUomXjIruP9oMonQx2o,243,4,13
VuUomXjIruP9oMonQx2o,243,5,13
VuUomXjIruP9oMonQx2o,249,1,13
VuUomXjIruP9oMonQx2o,249,2,13
VuUomXjIruP9oMonQx2o,249,3,13
VuUomXjIruP9oMonQx2o,249,4,13
VuUomXjIruP9oMonQx2o,249,5,13
DJNhGwXxGnILA4DF3duH,255,1,13
DJNhGwXxGnILA4DF3duH,255,2,13
DJNhGwXxGnILA4DF3duH,255,3,13
DJNhGwXxGnILA4DF3duH,255,4,13
DJNhGwXxGnILA4DF3duH,255,5,13
DJNhGwXxGnILA4DF3duH,261,1,13
DJNhGwXxGnILA4DF3duH,261,2,13
DJNhGwXxGnILA4DF3duH,261,3,13
DJNhGwXxGnILA4DF3duH,261,4,13
DJNhGwXxGnILA4DF3duH,261,5,13
kZgtvin3urs6lCvTflxC,267,1,13
kZgtvin3urs6lCvTflxC,267,2,13
kZgtvin3urs6lCvTflxC,267,3,13
kZgtvin3urs6lCvTflxC,267,4,13
kZgtvin3urs6lCvTflxC,267,5,13
kZgtvin3urs6lCvTflxC,273,1,13
kZgtvin3urs6lCvTflxC,273,2,13
kZgtvin3urs6lCvTflxC,273,3,13
kZgtvin3urs6lCvTflxC,273,4,13
kZgtvin3urs6lCvTflxC,273,5,13
YhhtqWKH9NRPmLQJgBYJ,279,1,13
YhhtqWKH9NRPmLQJgBYJ,279,2,13
YhhtqWKH9NRPmLQJgBYJ,279,3,13
YhhtqWKH9NRPmLQJgBYJ,279,4,13
YhhtqWKH9NRPmLQJgBYJ,279,5,13
YhhtqWKH9NRPmLQJgBYJ,285,1,13
YhhtqWKH9NRPmLQJgBYJ,285,2,13
YhhtqWKH9NRPmLQJgBYJ,285,3,13
YhhtqWKH9NRPmLQJgBYJ,285,4,13
YhhtqWKH9NRPmLQJgBYJ,285,5,13
lMt7DpO91vZrxxsgK56T,291,1,13
lMt7DpO91vZrxxsgK56T,291,2,13
lMt7DpO91vZrxxsgK56T,291,3,13
lMt7DpO91vZrxxsgK56T,291,4,13
lMt7DpO91vZrxxsgK56T,291,5,13
lMt7DpO91vZrxxsgK56T,297,1,13
lMt7DpO91vZrxxsgK56T,297,2,13
lMt7DpO91vZrxxsgK56T,297,3,13
lMt7DpO91vZrxxsgK56T,297,4,13
lMt7DpO91vZrxxsgK56T,297,5,13
51S3pCzQlnzzgghECS6L,303,1,13
51S3pCzQlnzzgghECS6L,303,2,13
51S3pCzQlnzzgghECS6L,303,3,13
51S3pCzQlnzzgghECS6L,303,4,13
51S3pCzQlnzzgghECS6L,303,5,13
51S3pCzQlnzzgghECS6L,309,1,13
51S3pCzQlnzzgghECS6L,309,2,13
51S3pCzQlnzzgghECS6L,309,3,13
51S3pCzQlnzzgghECS6L,309,4,13
51S3pCzQlnzzgghECS6L,309,5,13
7oYKL1sWWFRJIO0tRBYR,315,1,13
7oYKL1sWWFRJIO0tRBYR,315,2,13
7oYKL1sWWFRJIO0tRBYR,315,3,13
7oYKL1sWWFRJIO0tRBYR,315,4,13
7oYKL1sWWFRJIO0tRBYR,315,5,13
7oYKL1sWWFRJIO0tRBYR,321,1,13
7oYKL1sWWFRJIO0tRBYR,321,2,13
7oYKL1sWWFRJIO0tRBYR,321,3,13
7oYKL1sWWFRJIO0tRBYR,321,4,13
7oYKL1sWWFRJIO0tRBYR,321,5,13
zlHiRFzhMggQbQNEUydr,327,1,13
zlHiRFzhMggQbQNEUydr,327,2,13
zlHiRFzhMggQbQNEUydr,327,3,13
zlHiRFzhMggQbQNEUydr,327,4,13
zlHiRFzhMggQbQNEUydr,327,5,13
zlHiRFzhMggQbQNEUydr,333,1,13
zlHiRFzhMggQbQNEUydr,333,2,13
zlHiRFzhMggQbQNEUydr,333,3,13
zlHiRFzhMggQbQNEUydr,333,4,13
zlHiRFzhMggQbQNEUydr,333,5,13
IPWsPYm39ABxx31GzxOh,339,1,13
IPWsPYm39ABxx31GzxOh,339,2,13
IPWsPYm39ABxx31GzxOh,339,3,13
IPWsPYm39ABxx31GzxOh,339,4,13
IPWsPYm39ABxx31GzxOh,339,5,13
IPWsPYm39ABxx31GzxOh,345,1,13
IPWsPYm39ABxx31GzxOh,345,2,13
IPWsPYm39ABxx31GzxOh,345,3,13
IPWsPYm39ABxx31GzxOh,345,4,13
IPWsPYm39ABxx31GzxOh,345,5,13
JTy7N2whJoHBPn56ew7D,351,1,13
JTy7N2whJoHBPn56ew7D,351,2,13
JTy7N2whJoHBPn56ew7D,351,3,13
JTy7N2whJoHBPn56ew7D,351,4,13
JTy7N2whJoHBPn56ew7D,351,5,13
JTy7N2whJoHBPn56ew7D,357,1,13
JTy7N2whJoHBPn56ew7D,357,2,13
JTy7N2whJoHBPn56ew7D,357,3,13
JTy7N2whJoHBPn56ew7D,357,4,13
JTy7N2whJoHBPn56ew7D,357,5,13
